stage,case,conditions,image,text,marker,line identifier,targeted stage,Joint Dialogue 1,Joint Dialogue 2,Flip Joint Dialogue Order?
0-3,female_must_strip,"target=sayori, targetStage=0",shocked,You forgot that we were playing strip poker?,tgt-sayori-s0-prestrip-A1,A1,0
0-3,female_must_strip,"target=sayori, targetStage=0",shocked,"Really, Sayori? You forgot what we were playing?",tgt-sayori-s0-prestrip-A2,A2,0

0-3,target_stripping,"target=sayori, targetStage=0",happy,"That's really just like you, isn't it?",tgt-sayori-s0-strip-A1,A1,0
0-3,target_stripping,"target=sayori, targetStage=0",,,tgt-sayori-s0-strip-A2,A2,0

0-3,target_stripped,"target=sayori, targetStage=1",questioning,"Eh... no, it really isn't, Sayori...",tgt-sayori-s1-poststrip-A1,A1,1
0-3,target_stripped,"target=sayori, targetStage=1",,,tgt-sayori-s1-poststrip-A2,A2,1

0-3,female_must_strip,"target=sayori, targetStage=1",awkward-question,"Well... those are the rules of the game, Sayori...",tgt-sayori-s1-prestrip-A1,A1,1
0-3,female_must_strip,"target=sayori, targetStage=1",,,tgt-sayori-s1-prestrip-A2,A2,1

0-3,target_stripping,"target=sayori, targetStage=1",exasperated,"I'm pretty sure it's actually a <i>cardigan</i>, Sayori...",tgt-sayori-s1-strip-A1,A1,1
0-3,target_stripping,"target=sayori, targetStage=1",,,tgt-sayori-s1-strip-A2,A2,1

0-3,target_stripped,"target=sayori, targetStage=2",happy,"...but I don't really think the name matters, in the end.",tgt-sayori-s2-poststrip-A1,A1,2
0-3,target_stripped,"target=sayori, targetStage=2",,,tgt-sayori-s2-poststrip-A2,A2,2

0-3,female_must_strip,"target=sayori, targetStage=2",shocked,"W-Wait, Sayori, don't you still have your--",tgt-sayori-s2-prestrip-A1,A1,2
0-3,female_must_strip,"target=sayori, targetStage=2",,,tgt-sayori-s2-prestrip-A2,A2,2

0-3,target_stripping,"target=sayori, targetStage=2",writing-tip,"Jeez. That was a really close call for you, wasn't it?",tgt-sayori-s2-strip-A1,A1,2
0-3,target_stripping,"target=sayori, targetStage=2",,,tgt-sayori-s2-strip-A2,A2,2

0-3,target_stripped,"target=sayori, targetStage=3",happy,"Are you going to forget anything else during the game, I wonder...",tgt-sayori-s3-poststrip-A1,A1,3
0-3,target_stripped,"target=sayori, targetStage=3",,,tgt-sayori-s3-poststrip-A2,A2,3

0-3,female_must_strip,"target=sayori, targetStage=3",awkward-question,"Y-Yeah, I think you're going to have to go shirtless this time, Sayori.",tgt-sayori-s3-prestrip-A1,A1,3
0-3,female_must_strip,"target=sayori, targetStage=3",,,tgt-sayori-s3-prestrip-A2,A2,3

0-3,target_stripping,"target=sayori, targetStage=3",shocked,Well... I never would've imagined I'd see Sayori do <i>this...</i>,tgt-sayori-s3-strip-A1,A1,3
0-3,target_stripping,"target=sayori, targetStage=3",,,tgt-sayori-s3-strip-A2,A2,3

0-3,target_stripped,"target=sayori, targetStage=4",shy-happy,"Good luck, Sayori...",tgt-sayori-s4-poststrip-A1,A1,4
0-3,target_stripped,"target=sayori, targetStage=4",,,tgt-sayori-s4-poststrip-A2,A2,4

0-3,female_must_strip,"target=sayori, targetStage=4",questioning,I-Is that really going to help...?,tgt-sayori-s4-prestrip-A1,A1,4
0-3,female_must_strip,"target=sayori, targetStage=4",,,tgt-sayori-s4-prestrip-A2,A2,4

0-3,target_stripping,"target=sayori, targetStage=4",awkward-question,"It's, uh, perfectly okay to be nervous, Sayori.",tgt-sayori-s4-strip-A1,A1,4
0-3,target_stripping,"target=sayori, targetStage=4",,,tgt-sayori-s4-strip-A2,A2,4

0-3,target_stripped,"target=sayori, targetStage=5",happy,"Sayori? Sayori! ...she's spacing out again, I see.",tgt-sayori-s5-poststrip-A1,A1,5
0-3,target_stripped,"target=sayori, targetStage=5",,,tgt-sayori-s5-poststrip-A2,A2,5

0-3,female_must_strip,"target=sayori, targetStage=5",shy-nervous,"You'll make it through this, don't worry!",tgt-sayori-s5-prestrip-A1,A1,5
0-3,female_must_strip,"target=sayori, targetStage=5",,,tgt-sayori-s5-prestrip-A2,A2,5

0-3,target_stripping,"target=sayori, targetStage=5",shocked,"S-So, uhm... Sayori's taking off her bra... ahaha...",tgt-sayori-s5-strip-A1,A1,5
0-3,target_stripping,"target=sayori, targetStage=5",,,tgt-sayori-s5-strip-A2,A2,5

0-3,target_stripped,"target=sayori, targetStage=6",shy-happy,"S-So, everyone! Let's keep going...!",tgt-sayori-s6-poststrip-A1,A1,6
0-3,target_stripped,"target=sayori, targetStage=6",,,tgt-sayori-s6-poststrip-A2,A2,6

0-3,female_must_strip,"target=sayori, targetStage=6",awkward-question,"I-It looks like you have no choice but to be, uhm... nude, Sayori.",tgt-sayori-s6-prestrip-A1,A1,6
0-3,female_must_strip,"target=sayori, targetStage=6",,,tgt-sayori-s6-prestrip-A2,A2,6

0-3,target_stripping,"target=sayori, targetStage=6",shocked,T-There goes nothing...?,tgt-sayori-s6-strip-A1,A1,6
0-3,target_stripping,"target=sayori, targetStage=6",,,tgt-sayori-s6-strip-A2,A2,6

0-3,target_stripped,"target=sayori, targetStage=7",shy-nervous,"I, uhm... I can try and look away, Sayori?",tgt-sayori-s7-poststrip-A1,A1,7
0-3,target_stripped,"target=sayori, targetStage=7",,,tgt-sayori-s7-poststrip-A2,A2,7

0-3,female_must_masturbate,"target=sayori, targetStage=7",shocked,S-Sayori's really going to finger herself in front of us...?,tgt-sayori-s7-premast-A1,A1,7
0-3,female_must_masturbate,"target=sayori, targetStage=7",,,tgt-sayori-s7-premast-A2,A2,7

0-3,female_start_masturbating,"target=sayori, targetStage=7",shy-nervous,"Y-You haven't done this in a while, Sayori...?",tgt-sayori-s7-start-mast-A1,A1,7
0-3,female_start_masturbating,"target=sayori, targetStage=7",,,tgt-sayori-s7-start-mast-A2,A2,7

0-3,female_finished_masturbating,"target=sayori, targetStage=9",shocked,"T-That's it for Sayori, I see...",tgt-sayori-s9-finished-A1,A1,9
0-3,female_finished_masturbating,"target=sayori, targetStage=9",,,tgt-sayori-s9-finished-A2,A2,9



4-5,female_must_strip,"target=sayori, targetStage=0",questioning,"Jeez. You <i>forgot</i> what we were playing? ...Just like you, really.",tgt-sayori-s0-prestrip-B1,B1,0
4-5,female_must_strip,"target=sayori, targetStage=0",questioning,"Jeez, seriously? You forgot we were playing strip poker? ...well, that's Sayori for you, I guess...",tgt-sayori-s0-prestrip-B2,B2,0

4-5,target_stripping,"target=sayori, targetStage=0",jealous,I figured you would do something like that.,tgt-sayori-s0-strip-B1,B1,0
4-5,target_stripping,"target=sayori, targetStage=0",,,tgt-sayori-s0-strip-B2,B2,0

4-5,target_stripped,"target=sayori, targetStage=1",exasperated,"...Jeez. Next round, please.",tgt-sayori-s1-poststrip-B1,B1,1
4-5,target_stripped,"target=sayori, targetStage=1",,,tgt-sayori-s1-poststrip-B2,B2,1

4-5,female_must_strip,"target=sayori, targetStage=1",jealous,"Yes, Sayori. You have to strip. Could you please get it over with?",tgt-sayori-s1-prestrip-B1,B1,1
4-5,female_must_strip,"target=sayori, targetStage=1",,,tgt-sayori-s1-prestrip-B2,B2,1

4-5,target_stripping,"target=sayori, targetStage=1",exasperated,"...you know what? Sure. It's whatever you say it is, Sayori.",tgt-sayori-s1-strip-B1,B1,1
4-5,target_stripping,"target=sayori, targetStage=1",,,tgt-sayori-s1-strip-B2,B2,1

4-5,target_stripped,"target=sayori, targetStage=2",exasperated,"...It's nothing, Sayori.",tgt-sayori-s2-poststrip-B1,B1,2
4-5,target_stripped,"target=sayori, targetStage=2",,,tgt-sayori-s2-poststrip-B2,B2,2

4-5,female_must_strip,"target=sayori, targetStage=2",,,tgt-sayori-s2-prestrip-B1,B1,2
4-5,female_must_strip,"target=sayori, targetStage=2",,,tgt-sayori-s2-prestrip-B2,B2,2

4-5,target_stripping,"target=sayori, targetStage=2",,,tgt-sayori-s2-strip-B1,B1,2
4-5,target_stripping,"target=sayori, targetStage=2",,,tgt-sayori-s2-strip-B2,B2,2

4-5,target_stripped,"target=sayori, targetStage=3",,,tgt-sayori-s3-poststrip-B1,B1,3
4-5,target_stripped,"target=sayori, targetStage=3",,,tgt-sayori-s3-poststrip-B2,B2,3

4-5,female_must_strip,"target=sayori, targetStage=3",,,tgt-sayori-s3-prestrip-B1,B1,3
4-5,female_must_strip,"target=sayori, targetStage=3",,,tgt-sayori-s3-prestrip-B2,B2,3

4-5,target_stripping,"target=sayori, targetStage=3",,,tgt-sayori-s3-strip-B1,B1,3
4-5,target_stripping,"target=sayori, targetStage=3",,,tgt-sayori-s3-strip-B2,B2,3

4-5,target_stripped,"target=sayori, targetStage=4",,,tgt-sayori-s4-poststrip-B1,B1,4
4-5,target_stripped,"target=sayori, targetStage=4",,,tgt-sayori-s4-poststrip-B2,B2,4

4-5,female_must_strip,"target=sayori, targetStage=4",,,tgt-sayori-s4-prestrip-B1,B1,4
4-5,female_must_strip,"target=sayori, targetStage=4",,,tgt-sayori-s4-prestrip-B2,B2,4

4-5,target_stripping,"target=sayori, targetStage=4",,,tgt-sayori-s4-strip-B1,B1,4
4-5,target_stripping,"target=sayori, targetStage=4",,,tgt-sayori-s4-strip-B2,B2,4

4-5,target_stripped,"target=sayori, targetStage=5",,,tgt-sayori-s5-poststrip-B1,B1,5
4-5,target_stripped,"target=sayori, targetStage=5",,,tgt-sayori-s5-poststrip-B2,B2,5

4-5,female_must_strip,"target=sayori, targetStage=5",,,tgt-sayori-s5-prestrip-B1,B1,5
4-5,female_must_strip,"target=sayori, targetStage=5",,,tgt-sayori-s5-prestrip-B2,B2,5

4-5,target_stripping,"target=sayori, targetStage=5",,,tgt-sayori-s5-strip-B1,B1,5
4-5,target_stripping,"target=sayori, targetStage=5",,,tgt-sayori-s5-strip-B2,B2,5

4-5,target_stripped,"target=sayori, targetStage=6",,,tgt-sayori-s6-poststrip-B1,B1,6
4-5,target_stripped,"target=sayori, targetStage=6",,,tgt-sayori-s6-poststrip-B2,B2,6

4-5,female_must_strip,"target=sayori, targetStage=6",,,tgt-sayori-s6-prestrip-B1,B1,6
4-5,female_must_strip,"target=sayori, targetStage=6",,,tgt-sayori-s6-prestrip-B2,B2,6

4-5,target_stripping,"target=sayori, targetStage=6",,,tgt-sayori-s6-strip-B1,B1,6
4-5,target_stripping,"target=sayori, targetStage=6",,,tgt-sayori-s6-strip-B2,B2,6

4-5,target_stripped,"target=sayori, targetStage=7",,,tgt-sayori-s7-poststrip-B1,B1,7
4-5,target_stripped,"target=sayori, targetStage=7",,,tgt-sayori-s7-poststrip-B2,B2,7

4-5,female_must_masturbate,"target=sayori, targetStage=7",,,tgt-sayori-s7-premast-B1,B1,7
4-5,female_must_masturbate,"target=sayori, targetStage=7",,,tgt-sayori-s7-premast-B2,B2,7

4-5,female_start_masturbating,"target=sayori, targetStage=7",,,tgt-sayori-s7-start-mast-B1,B1,7
4-5,female_start_masturbating,"target=sayori, targetStage=7",,,tgt-sayori-s7-start-mast-B2,B2,7

4-5,female_masturbating,"target=sayori, targetStage=8",,,tgt-sayori-s8-mast-B1,B1,8
4-5,female_masturbating,"target=sayori, targetStage=8",,,tgt-sayori-s8-mast-B2,B2,8

4-5,female_heavy_masturbating,"target=sayori, targetStage=8",,,tgt-sayori-s8-heavy-mast-B1,B1,8
4-5,female_heavy_masturbating,"target=sayori, targetStage=8",,,tgt-sayori-s8-heavy-mast-B2,B2,8

4-5,female_finished_masturbating,"target=sayori, targetStage=9",,,tgt-sayori-s9-finished-B1,B1,9
4-5,female_finished_masturbating,"target=sayori, targetStage=9",,,tgt-sayori-s9-finished-B2,B2,9



6-10,female_must_strip,"target=sayori, targetStage=0",,,tgt-sayori-s0-prestrip-C1,C1,0
6-10,female_must_strip,"target=sayori, targetStage=0",,,tgt-sayori-s0-prestrip-C2,C2,0

6-10,target_stripping,"target=sayori, targetStage=0",,,tgt-sayori-s0-strip-C1,C1,0
6-10,target_stripping,"target=sayori, targetStage=0",,,tgt-sayori-s0-strip-C2,C2,0

6-10,target_stripped,"target=sayori, targetStage=1",,,tgt-sayori-s1-poststrip-C1,C1,1
6-10,target_stripped,"target=sayori, targetStage=1",,,tgt-sayori-s1-poststrip-C2,C2,1

6-10,female_must_strip,"target=sayori, targetStage=1",,,tgt-sayori-s1-prestrip-C1,C1,1
6-10,female_must_strip,"target=sayori, targetStage=1",,,tgt-sayori-s1-prestrip-C2,C2,1

6-10,target_stripping,"target=sayori, targetStage=1",,,tgt-sayori-s1-strip-C1,C1,1
6-10,target_stripping,"target=sayori, targetStage=1",,,tgt-sayori-s1-strip-C2,C2,1

6-10,target_stripped,"target=sayori, targetStage=2",,,tgt-sayori-s2-poststrip-C1,C1,2
6-10,target_stripped,"target=sayori, targetStage=2",,,tgt-sayori-s2-poststrip-C2,C2,2

6-10,female_must_strip,"target=sayori, targetStage=2",,,tgt-sayori-s2-prestrip-C1,C1,2
6-10,female_must_strip,"target=sayori, targetStage=2",,,tgt-sayori-s2-prestrip-C2,C2,2

6-10,target_stripping,"target=sayori, targetStage=2",,,tgt-sayori-s2-strip-C1,C1,2
6-10,target_stripping,"target=sayori, targetStage=2",,,tgt-sayori-s2-strip-C2,C2,2

6-10,target_stripped,"target=sayori, targetStage=3",,,tgt-sayori-s3-poststrip-C1,C1,3
6-10,target_stripped,"target=sayori, targetStage=3",,,tgt-sayori-s3-poststrip-C2,C2,3

6-10,female_must_strip,"target=sayori, targetStage=3",,,tgt-sayori-s3-prestrip-C1,C1,3
6-10,female_must_strip,"target=sayori, targetStage=3",,,tgt-sayori-s3-prestrip-C2,C2,3

6-10,target_stripping,"target=sayori, targetStage=3",,,tgt-sayori-s3-strip-C1,C1,3
6-10,target_stripping,"target=sayori, targetStage=3",,,tgt-sayori-s3-strip-C2,C2,3

6-10,target_stripped,"target=sayori, targetStage=4",,,tgt-sayori-s4-poststrip-C1,C1,4
6-10,target_stripped,"target=sayori, targetStage=4",,,tgt-sayori-s4-poststrip-C2,C2,4

6-10,female_must_strip,"target=sayori, targetStage=4",,,tgt-sayori-s4-prestrip-C1,C1,4
6-10,female_must_strip,"target=sayori, targetStage=4",,,tgt-sayori-s4-prestrip-C2,C2,4

6-10,target_stripping,"target=sayori, targetStage=4",,,tgt-sayori-s4-strip-C1,C1,4
6-10,target_stripping,"target=sayori, targetStage=4",,,tgt-sayori-s4-strip-C2,C2,4

6-10,target_stripped,"target=sayori, targetStage=5",,,tgt-sayori-s5-poststrip-C1,C1,5
6-10,target_stripped,"target=sayori, targetStage=5",,,tgt-sayori-s5-poststrip-C2,C2,5

6-10,female_must_strip,"target=sayori, targetStage=5",,,tgt-sayori-s5-prestrip-C1,C1,5
6-10,female_must_strip,"target=sayori, targetStage=5",,,tgt-sayori-s5-prestrip-C2,C2,5

6-10,target_stripping,"target=sayori, targetStage=5",,,tgt-sayori-s5-strip-C1,C1,5
6-10,target_stripping,"target=sayori, targetStage=5",,,tgt-sayori-s5-strip-C2,C2,5

6-10,target_stripped,"target=sayori, targetStage=6",,,tgt-sayori-s6-poststrip-C1,C1,6
6-10,target_stripped,"target=sayori, targetStage=6",,,tgt-sayori-s6-poststrip-C2,C2,6

6-10,female_must_strip,"target=sayori, targetStage=6",,,tgt-sayori-s6-prestrip-C1,C1,6
6-10,female_must_strip,"target=sayori, targetStage=6",,,tgt-sayori-s6-prestrip-C2,C2,6

6-10,target_stripping,"target=sayori, targetStage=6",,,tgt-sayori-s6-strip-C1,C1,6
6-10,target_stripping,"target=sayori, targetStage=6",,,tgt-sayori-s6-strip-C2,C2,6

6-10,target_stripped,"target=sayori, targetStage=7",,,tgt-sayori-s7-poststrip-C1,C1,7
6-10,target_stripped,"target=sayori, targetStage=7",,,tgt-sayori-s7-poststrip-C2,C2,7

6-10,female_must_masturbate,"target=sayori, targetStage=7",,,tgt-sayori-s7-premast-C1,C1,7
6-10,female_must_masturbate,"target=sayori, targetStage=7",,,tgt-sayori-s7-premast-C2,C2,7

6-10,female_start_masturbating,"target=sayori, targetStage=7",,,tgt-sayori-s7-start-mast-C1,C1,7
6-10,female_start_masturbating,"target=sayori, targetStage=7",,,tgt-sayori-s7-start-mast-C2,C2,7

6-10,female_masturbating,"target=sayori, targetStage=8",,,tgt-sayori-s8-mast-C1,C1,8
6-10,female_masturbating,"target=sayori, targetStage=8",,,tgt-sayori-s8-mast-C2,C2,8

6-10,female_heavy_masturbating,"target=sayori, targetStage=8",,,tgt-sayori-s8-heavy-mast-C1,C1,8
6-10,female_heavy_masturbating,"target=sayori, targetStage=8",,,tgt-sayori-s8-heavy-mast-C2,C2,8

6-10,female_finished_masturbating,"target=sayori, targetStage=9",,,tgt-sayori-s9-finished-C1,C1,9
6-10,female_finished_masturbating,"target=sayori, targetStage=9",,,tgt-sayori-s9-finished-C2,C2,9



0,must_strip_self,"alsoPlaying=sayori, alsoPlayingStage=0-3",happy,"I guess I've lost... what's so surprising, Sayori?",resp-s0-prestrip-sayori-F1,F1,0-3
0,must_strip_self,"alsoPlaying=sayori, alsoPlayingStage=0-3",,,resp-s0-prestrip-sayori-F2,F2,0-3
0,must_strip_self,"alsoPlaying=sayori, alsoPlayingStage=4-7",happy,"Well, I guess I've lost... why are you so surprised, Sayori?",resp-s0-prestrip-sayori-G1,G1,4-7
0,must_strip_self,"alsoPlaying=sayori, alsoPlayingStage=4-7",,,resp-s0-prestrip-sayori-G2,G2,4-7
0,must_strip_self,"alsoPlaying=sayori, alsoPlayingStage=8-9",shocked,...I'm somewhat surprised. I didn't think it'd be <i>this</i> long before I took anything off...,resp-s0-prestrip-sayori-H1,H1,8-9
0,must_strip_self,"alsoPlaying=sayori, alsoPlayingStage=8-9",,,resp-s0-prestrip-sayori-H2,H2,8-9
0,stripping,"alsoPlaying=sayori, alsoPlayingStage=0-3",stripping,Nope! These shoes aren't in uniform!,resp-s0-strip-sayori-F1,F1,0-3
0,stripping,"alsoPlaying=sayori, alsoPlayingStage=0-3",,,resp-s0-strip-sayori-F2,F2,0-3
0,stripping,"alsoPlaying=sayori, alsoPlayingStage=4-7",stripping,"Ahaha... sorry, Sayori!",resp-s0-strip-sayori-G1,G1,4-7
0,stripping,"alsoPlaying=sayori, alsoPlayingStage=4-7",,,resp-s0-strip-sayori-G2,G2,4-7
0,stripping,"alsoPlaying=sayori, alsoPlayingStage=8-9",stripping,"Yeah, just the shoes, Sayori. Sorry!",resp-s0-strip-sayori-H1,H1,8-9
0,stripping,"alsoPlaying=sayori, alsoPlayingStage=8-9",,,resp-s0-strip-sayori-H2,H2,8-9
1,stripped,"alsoPlaying=sayori, alsoPlayingStage=0-3",interested,"Ehehe, I was waiting for someone to notice that~!",resp-s1-poststrip-sayori-F1,F1,0-3
1,stripped,"alsoPlaying=sayori, alsoPlayingStage=0-3",,,resp-s1-poststrip-sayori-F2,F2,0-3
1,stripped,"alsoPlaying=sayori, alsoPlayingStage=4-7",horny,"Really, Sayori... don't get mad at me just for playing to win, ehehe~!",resp-s1-poststrip-sayori-G1,G1,4-7
1,stripped,"alsoPlaying=sayori, alsoPlayingStage=4-7",,,resp-s1-poststrip-sayori-G2,G2,4-7
1,stripped,"alsoPlaying=sayori, alsoPlayingStage=8-9",horny,"Ehehe~ just wait, Sayori...",resp-s1-poststrip-sayori-H1,H1,8-9
1,stripped,"alsoPlaying=sayori, alsoPlayingStage=8-9",,,resp-s1-poststrip-sayori-H2,H2,8-9

1,must_strip_self,"alsoPlaying=sayori, alsoPlayingStage=0-3",writing-tip,Well... I guess I was just unlucky!,resp-s1-prestrip-sayori-F1,F1,0-3
1,must_strip_self,"alsoPlaying=sayori, alsoPlayingStage=0-3",,,resp-s1-prestrip-sayori-F2,F2,0-3
1,must_strip_self,"alsoPlaying=sayori, alsoPlayingStage=4-7",exasperated,"...Really, Sayori? Just because I've lost twice so far?",resp-s1-prestrip-sayori-G1,G1,4-7
1,must_strip_self,"alsoPlaying=sayori, alsoPlayingStage=4-7",,,resp-s1-prestrip-sayori-G2,G2,4-7
1,must_strip_self,"alsoPlaying=sayori, alsoPlayingStage=8-9",exasperated,Hmm... should I...?,resp-s1-prestrip-sayori-H1,H1,8-9
1,must_strip_self,"alsoPlaying=sayori, alsoPlayingStage=8-9",,,resp-s1-prestrip-sayori-H2,H2,8-9
1,stripping,"alsoPlaying=sayori, alsoPlayingStage=0-3",stripping,"No, I'm not, Sayori! ...I think these look cuter, though.",resp-s1-strip-sayori-F1,F1,0-3
1,stripping,"alsoPlaying=sayori, alsoPlayingStage=0-3",,,resp-s1-strip-sayori-F2,F2,0-3
1,stripping,"alsoPlaying=sayori, alsoPlayingStage=4-7",stripping,"Anyways, I'll just take these stockings off...",resp-s1-strip-sayori-G1,G1,4-7
1,stripping,"alsoPlaying=sayori, alsoPlayingStage=4-7",,,resp-s1-strip-sayori-G2,G2,4-7
1,stripping,"alsoPlaying=sayori, alsoPlayingStage=8-9",stripping,"...Nah. I'll just play things safe for now, ehehe.",resp-s1-strip-sayori-H1,H1,8-9
1,stripping,"alsoPlaying=sayori, alsoPlayingStage=8-9",,,resp-s1-strip-sayori-H2,H2,8-9
2,stripped,"alsoPlaying=sayori, alsoPlayingStage=0-3",interested,"I mean... it's not something you'd notice unless you specifically looked for it, right?",resp-s2-poststrip-sayori-F1,F1,0-3
2,stripped,"alsoPlaying=sayori, alsoPlayingStage=0-3",,,resp-s2-poststrip-sayori-F2,F2,0-3
2,stripped,"alsoPlaying=sayori, alsoPlayingStage=4-7",interested,"I'll be waiting to see that, Sayori!",resp-s2-poststrip-sayori-G1,G1,4-7
2,stripped,"alsoPlaying=sayori, alsoPlayingStage=4-7",,,resp-s2-poststrip-sayori-G2,G2,4-7
2,stripped,"alsoPlaying=sayori, alsoPlayingStage=8-9",interested,"I'm playing to win, Sayori. After all... I'd like to avoid ending up like <i>you</i>, if I can!",resp-s2-poststrip-sayori-H1,H1,8-9
2,stripped,"alsoPlaying=sayori, alsoPlayingStage=8-9",,,resp-s2-poststrip-sayori-H2,H2,8-9

2,must_strip_self,"alsoPlaying=sayori, alsoPlayingStage=0-3",questioning,"Hmm... yeah! The blazer's coming off next... but I wonder, could I...?",resp-s2-prestrip-sayori-F1,F1,0-3
2,must_strip_self,"alsoPlaying=sayori, alsoPlayingStage=0-3",,,resp-s2-prestrip-sayori-F2,F2,0-3
2,must_strip_self,"alsoPlaying=sayori, alsoPlayingStage=4-7",questioning,"Hehe... I don't really have any other choice, Sayori. I wonder, though... could I...?",resp-s2-prestrip-sayori-G1,G1,4-7
2,must_strip_self,"alsoPlaying=sayori, alsoPlayingStage=4-7",,,resp-s2-prestrip-sayori-G2,G2,4-7
2,must_strip_self,"alsoPlaying=sayori, alsoPlayingStage=8-9",questioning,"Ehe... sure, Sayori! I don't really have anything else I could take off... but... let me see, could I...?",resp-s2-prestrip-sayori-H1,H1,8-9
2,must_strip_self,"alsoPlaying=sayori, alsoPlayingStage=8-9",,,resp-s2-prestrip-sayori-H2,H2,8-9

3,must_strip_self,"alsoPlaying=sayori, alsoPlayingStage=0-3",awkward-question,"Uhm... I think you were just seeing things, Sayori.",resp-s3-prestrip-sayori-F1,F1,0-3
3,must_strip_self,"alsoPlaying=sayori, alsoPlayingStage=0-3",,,resp-s3-prestrip-sayori-F2,F2,0-3
3,must_strip_self,"alsoPlaying=sayori, alsoPlayingStage=4-7",awkward-question,"Uh... nothing happened, Sayori! Don't worry about it!",resp-s3-prestrip-sayori-G1,G1,4-7
3,must_strip_self,"alsoPlaying=sayori, alsoPlayingStage=4-7",,,resp-s3-prestrip-sayori-G2,G2,4-7
3,must_strip_self,"alsoPlaying=sayori, alsoPlayingStage=8-9",awkward-question,"Uhm... you didn't miss anything, Sayori! Nothing happened!",resp-s3-prestrip-sayori-H1,H1,8-9
3,must_strip_self,"alsoPlaying=sayori, alsoPlayingStage=8-9",,,resp-s3-prestrip-sayori-H2,H2,8-9
3,stripping,"alsoPlaying=sayori, alsoPlayingStage=0-3",stripping,"(<i>Is she even listening to me...?</i>) Really, nothing happened!",resp-s3-strip-sayori-F1,F1,0-3
3,stripping,"alsoPlaying=sayori, alsoPlayingStage=0-3",,,resp-s3-strip-sayori-F2,F2,0-3
3,stripping,"alsoPlaying=sayori, alsoPlayingStage=4-7",stripping,"You just blanked out for a second, Sayori. And, uhm... I took off two things at once, this time.",resp-s3-strip-sayori-G1,G1,4-7
3,stripping,"alsoPlaying=sayori, alsoPlayingStage=4-7",,,resp-s3-strip-sayori-G2,G2,4-7
3,stripping,"alsoPlaying=sayori, alsoPlayingStage=8-9",stripping,"I... uh... decided to take off two things this time, Sayori! No need to worry!",resp-s3-strip-sayori-H1,H1,8-9
3,stripping,"alsoPlaying=sayori, alsoPlayingStage=8-9",,,resp-s3-strip-sayori-H2,H2,8-9
4,stripped,"alsoPlaying=sayori, alsoPlayingStage=0-3",exasperated,"...an astute observation, Sayori.",resp-s4-poststrip-sayori-F1,F1,0-3
4,stripped,"alsoPlaying=sayori, alsoPlayingStage=0-3",,,resp-s4-poststrip-sayori-F2,F2,0-3
4,stripped,"alsoPlaying=sayori, alsoPlayingStage=4-7",exasperated,"...yes, Sayori, I took my shirt off. That's a brilliant observation.",resp-s4-poststrip-sayori-G1,G1,4-7
4,stripped,"alsoPlaying=sayori, alsoPlayingStage=4-7",,,resp-s4-poststrip-sayori-G2,G2,4-7
4,stripped,"alsoPlaying=sayori, alsoPlayingStage=8-9",awkward-question,"W-Well, uhm... okay then?",resp-s4-poststrip-sayori-H1,H1,8-9
4,stripped,"alsoPlaying=sayori, alsoPlayingStage=8-9",,,resp-s4-poststrip-sayori-H2,H2,8-9

4,must_strip_self,"alsoPlaying=sayori, alsoPlayingStage=0-3",jealous,"Y-Yes, Sayori. I get embarassed when I have to take my skirt off in front of other people, like ~player~...",resp-s4-prestrip-sayori-F1,F1,0-3
4,must_strip_self,"alsoPlaying=sayori, alsoPlayingStage=0-3",,,resp-s4-prestrip-sayori-F2,F2,0-3
4,must_strip_self,"alsoPlaying=sayori, alsoPlayingStage=4-7",jealous,"J-Jeez... It's not like I'm u-used to stripping down in front of other people, like ~player~...",resp-s4-prestrip-sayori-G1,G1,4-7
4,must_strip_self,"alsoPlaying=sayori, alsoPlayingStage=4-7",,,resp-s4-prestrip-sayori-G2,G2,4-7
4,must_strip_self,"alsoPlaying=sayori, alsoPlayingStage=8-9",jealous,"D-Didn't you get nervous when <i>you</i> had to do this, Sayori?",resp-s4-prestrip-sayori-H1,H1,8-9
4,must_strip_self,"alsoPlaying=sayori, alsoPlayingStage=8-9",,,resp-s4-prestrip-sayori-H2,H2,8-9
4,stripping,"alsoPlaying=sayori, alsoPlayingStage=0-3",stripping,"E-Eh? Really, ~player~? I... uhm... I don't mind...",resp-s4-strip-sayori-F1,F1,0-3
4,stripping,"alsoPlaying=sayori, alsoPlayingStage=0-3",,,resp-s4-strip-sayori-F2,F2,0-3
4,stripping,"alsoPlaying=sayori, alsoPlayingStage=4-7",stripping,J-Just... uhm... let me take this off...,resp-s4-strip-sayori-G1,G1,4-7
4,stripping,"alsoPlaying=sayori, alsoPlayingStage=4-7",,,resp-s4-strip-sayori-G2,G2,4-7
4,stripping,"alsoPlaying=sayori, alsoPlayingStage=8-9",stripping,J-Jeez... I'm just going to take this off quickly...,resp-s4-strip-sayori-H1,H1,8-9
4,stripping,"alsoPlaying=sayori, alsoPlayingStage=8-9",,,resp-s4-strip-sayori-H2,H2,8-9
5,stripped,"alsoPlaying=sayori, alsoPlayingStage=0-3",shy-happy,"T-There's no need to get that defensive over me, Sayori... e-even if ~player~ <i>is</i> staring...",resp-s5-poststrip-sayori-F1,F1,0-3
5,stripped,"alsoPlaying=sayori, alsoPlayingStage=0-3",,,resp-s5-poststrip-sayori-F2,F2,0-3
5,stripped,"alsoPlaying=sayori, alsoPlayingStage=4-7",shy-happy,"I-I guess we both are, Sayori...",resp-s5-poststrip-sayori-G1,G1,4-7
5,stripped,"alsoPlaying=sayori, alsoPlayingStage=4-7",,,resp-s5-poststrip-sayori-G2,G2,4-7
5,stripped,"alsoPlaying=sayori, alsoPlayingStage=8-9",shy-happy,"I... uhm... don't mind if you stare, ~player~...",resp-s5-poststrip-sayori-H1,H1,8-9
5,stripped,"alsoPlaying=sayori, alsoPlayingStage=8-9",,,resp-s5-poststrip-sayori-H2,H2,8-9

5,must_strip_self,"alsoPlaying=sayori, alsoPlayingStage=0-3",jealous,"Jeez... how am I losing to <i>Sayori,</i> of all people...?",resp-s5-prestrip-sayori-F1,F1,0-3
5,must_strip_self,"alsoPlaying=sayori, alsoPlayingStage=0-3",,,resp-s5-prestrip-sayori-F2,F2,0-3
5,must_strip_self,"alsoPlaying=sayori, alsoPlayingStage=4-7",shocked,"I-- I still have clothing left, Sayori! And... actually, wait...!",resp-s5-prestrip-sayori-G1,G1,4-7
5,must_strip_self,"alsoPlaying=sayori, alsoPlayingStage=4-7",,,resp-s5-prestrip-sayori-G2,G2,4-7
5,must_strip_self,"alsoPlaying=sayori, alsoPlayingStage=8-9",shocked,"I guess so, Sayori... wait! Hang on!",resp-s5-prestrip-sayori-H1,H1,8-9
5,must_strip_self,"alsoPlaying=sayori, alsoPlayingStage=8-9",,,resp-s5-prestrip-sayori-H2,H2,8-9
5,stripping,"alsoPlaying=sayori, alsoPlayingStage=0-3",stripping,"Actually, wait! I can... just... take these off...!",resp-s5-strip-sayori-F1,F1,0-3
5,stripping,"alsoPlaying=sayori, alsoPlayingStage=0-3",,,resp-s5-strip-sayori-F2,F2,0-3
5,stripping,"alsoPlaying=sayori, alsoPlayingStage=4-7",stripping,Ehehe... I-I can just take my hair ribbons out! ,resp-s5-strip-sayori-G1,G1,4-7
5,stripping,"alsoPlaying=sayori, alsoPlayingStage=4-7",,,resp-s5-strip-sayori-G2,G2,4-7
5,stripping,"alsoPlaying=sayori, alsoPlayingStage=8-9",stripping,"Oh, right! I still have my hair ribbons!",resp-s5-strip-sayori-H1,H1,8-9
5,stripping,"alsoPlaying=sayori, alsoPlayingStage=8-9",,,resp-s5-strip-sayori-H2,H2,8-9
6,stripped,"alsoPlaying=sayori, alsoPlayingStage=0-3",happy,"Ehehe... y-you know? I-I'm actually kind of, uhm... warming up to being in only my underwear!",resp-s6-poststrip-sayori-F1,F1,0-3
6,stripped,"alsoPlaying=sayori, alsoPlayingStage=0-3",,,resp-s6-poststrip-sayori-F2,F2,0-3
6,stripped,"alsoPlaying=sayori, alsoPlayingStage=4-7",happy,"Hmm... you know? I-I'm kinda warming up to this... maybe I should let my hair down in more ways than one, ~player~!",resp-s6-poststrip-sayori-G1,G1,4-7
6,stripped,"alsoPlaying=sayori, alsoPlayingStage=4-7",,,resp-s6-poststrip-sayori-G2,G2,4-7
6,stripped,"alsoPlaying=sayori, alsoPlayingStage=8-9",writing-tip,"Heh. That was a pretty smart move, right ~player~?",resp-s6-poststrip-sayori-H1,H1,8-9
6,stripped,"alsoPlaying=sayori, alsoPlayingStage=8-9",,,resp-s6-poststrip-sayori-H2,H2,8-9

6,must_strip_self,"alsoPlaying=sayori, alsoPlayingStage=0-9",horny,"You'll see, Sayori! And so will <i>you</i>, ~player~!",resp-s6-prestrip-sayori-1,1,0-9
6,must_strip_self,"alsoPlaying=sayori, alsoPlayingStage=0-9",horny,"Well... if I have to do this, I might as well <i>cut loose</i>, hm?",resp-s6-prestrip-sayori-2,2,0-9
6,must_strip_self,"alsoPlaying=sayori, alsoPlayingStage=0-9",,,resp-s6-prestrip-sayori-3,3,0-9
6,stripping,"alsoPlaying=sayori, alsoPlayingStage=0-9",stripping,"Ehehe. Why don't you just ignore Sayori over there and just watch <i>me</i>, ~player~?",resp-s6-strip-sayori-1,1,0-9
6,stripping,"alsoPlaying=sayori, alsoPlayingStage=0-9",,,resp-s6-strip-sayori-2,2,0-9
6,stripping,"alsoPlaying=sayori, alsoPlayingStage=0-9",,,resp-s6-strip-sayori-3,3,0-9
7,stripped,"alsoPlaying=sayori, alsoPlayingStage=0-3",horny,"Soo~oo? Do you like what you see, ~player~?",resp-s7-poststrip-sayori-F1,F1,0-3
7,stripped,"alsoPlaying=sayori, alsoPlayingStage=0-3",,,resp-s7-poststrip-sayori-F2,F2,0-3
7,stripped,"alsoPlaying=sayori, alsoPlayingStage=4-7",horny,"Hehe. I guess there's a lot you don't know about me, Sayori~!",resp-s7-poststrip-sayori-G1,G1,4-7
7,stripped,"alsoPlaying=sayori, alsoPlayingStage=4-7",,,resp-s7-poststrip-sayori-G2,G2,4-7
7,stripped,"alsoPlaying=sayori, alsoPlayingStage=8-9",horny,"Hehe. Are you surprised too, ~player~?",resp-s7-poststrip-sayori-H1,H1,8-9
8,stripped,"alsoPlaying=sayori, alsoPlayingStage=8-9",,,resp-s8-poststrip-sayori-H2,H2,8-9

7,must_strip_self,"alsoPlaying=sayori, alsoPlayingStage=0-3",happy,"Well, since it's the last thing I have... I might as well show off, right?",resp-s7-prestrip-sayori-F1,F1,0-3
7,must_strip_self,"alsoPlaying=sayori, alsoPlayingStage=0-3",,,resp-s7-prestrip-sayori-F2,F2,0-3
7,must_strip_self,"alsoPlaying=sayori, alsoPlayingStage=4-7",happy,"Ehehe... well, here~ goes~ nothing~!",resp-s7-prestrip-sayori-G1,G1,4-7
7,must_strip_self,"alsoPlaying=sayori, alsoPlayingStage=4-7",,,resp-s7-prestrip-sayori-G2,G2,4-7
7,must_strip_self,"alsoPlaying=sayori, alsoPlayingStage=8-9, alsoPlayingSaidMarker=tgt-monika-s7-prestrip-H1",happy,"Ehehe... Yep! I might as well, Sayori~!",resp-s7-prestrip-sayori-H1,H1,8-9
7,must_strip_self,"alsoPlaying=sayori, alsoPlayingStage=8-9, alsoPlayingSaidMarker=tgt-mokika-s7-prestrip-H2",happy,Well... here~ goes~ nothing~ ~player~~!,resp-s7-prestrip-sayori-H2,H2,8-9
7,stripping,"alsoPlaying=sayori, alsoPlayingStage=0-3",stripping,Just let me slip this off~...,resp-s7-strip-sayori-F1,F1,0-3
7,stripping,"alsoPlaying=sayori, alsoPlayingStage=0-3",,,resp-s7-strip-sayori-F2,F2,0-3
7,stripping,"alsoPlaying=sayori, alsoPlayingStage=4-7, alsoPlayingSaidMarker=tgt-monika-s7-prestrip-G1",stripping,"Ehehe. Just ignore the look of panic on Sayori's face and focus on <i>me</i>, okay ~player~?",resp-s7-strip-sayori-G1,G1,4-7
7,stripping,"alsoPlaying=sayori, alsoPlayingStage=4-7, alsoPlayingSaidMarker=tgt-monika-s7-prestrip-G2",stripping,"Ehehe. Just ignore Sayori having a meltdown over there and focus on <i>me</i>, okay ~player~?",resp-s7-strip-sayori-G2,G2,4-7
7,stripping,"alsoPlaying=sayori, alsoPlayingStage=8-9",,,resp-s7-strip-sayori-H1,H1,8-9
7,stripping,"alsoPlaying=sayori, alsoPlayingStage=8-9",,,resp-s7-strip-sayori-H2,H2,8-9
8,stripped,"alsoPlaying=sayori, alsoPlayingStage=0-3, alsoPlayingSaidMarker=tgt-monika-s7-prestrip-F1",horny,"I bet you think I couldn't be like this, hmm~ ~player~?",resp-s8-poststrip-sayori-F1,F1,0-3
8,stripped,"alsoPlaying=sayori, alsoPlayingStage=0-3, alsoPlayingSaidMarker=tgt-monika-s7-prestrip-F2",happy,"Well... if I'm unlucky enough to lose to even <i>you</i>, Sayori, I just have to... adapt, right?",resp-s8-poststrip-sayori-F2,F2,0-3
8,stripped,"alsoPlaying=sayori, alsoPlayingStage=4-7, alsoPlayingSaidMarker=tgt-monika-s7-prestrip-G1",happy,"Honestly, ~player~, if you wanted to see <i>this</i>, you could have asked! But this is fun too, I guess~!",resp-s8-poststrip-sayori-G1,G1,4-7
8,stripped,"alsoPlaying=sayori, alsoPlayingStage=4-7, alsoPlayingSaidMarker=tgt-monika-s7-prestrip-G2",happy,"Well... that's it, I guess. Buuut... I guess the <i>really</i> interesting parts have yet to come, ~player~!",resp-s8-poststrip-sayori-G2,G2,4-7
8,stripped,"alsoPlaying=sayori, alsoPlayingStage=8-9",,Aaand... that's it~! This is me! <i>All</i> of me...,resp-s8-poststrip-sayori-H1,H1,8-9
8,stripped,"alsoPlaying=sayori, alsoPlayingStage=8-9",,"Well, this is... <i>all</i> of me, ehehe...",resp-s8-poststrip-sayori-H2,H2,8-9

8,"must_masturbate, must_masturbate_first",alsoPlaying=sayori,exasperated,"W-Well, I wasn't expecting to have to do this in front of ~player~ and Sayori, but...",resp-s8-start-mast-sayori-1,1,0-9
8,"must_masturbate, must_masturbate_first","alsoPlaying=sayori, tag:natsuki=1",exasperated,"Jeez... I wasn't expecting to have to do this in front of ~player~, Natsuki, <i>and</i> Sayori, but...",resp-s8-start-mast-sayori-2,2,0-9
8,"must_masturbate, must_masturbate_first","alsoPlaying=sayori, tag:yuri=1",exasperated,"Jeez... I wasn't expecting to have to do this in front of ~player~, Yuri, <i>and</i> Sayori, but...",resp-s8-start-mast-sayori-3,3,0-9
8,"must_masturbate, must_masturbate_first",tag:ddlc=4,exasperated,"Jeez... I wasn't expecting to have to do <i>this</i> in front of the entire Literature Club, but...",resp-s8-start-mast-sayori-4,4,0-9

2,hand_quality,"alsoPlaying=sayori, timeInStage=0, notSaidMarker=sayonika-start-prompt, priority=9999",horny,"<div>~player~, I know you're a sweetheart, but... I didn't think we'd be here with other people! Or perhaps... you're into girl-on-girl, ehehe~?</div><div class=""monika-choice-container""><button class=""monika-choice-button monika-choice-button-left"" onclick=""monika.sayonikaYes()"">Yes.</button><button class=""monika-choice-button monika-choice-button monika-choice-button-right"" onclick=""monika.sayonikaNo()"">No.</button></div>",sayonika-start-prompt


3,stripped,"alsoPlaying=sayori, alsoPlayingSaidMarker=affections-glitch",awkward-question,"U-Uhm... maybe you should lie down if you're not feeling well, Sayori?",resp-s3-poststrip-sayori-A1,A1
3,stripped,"alsoPlaying=sayori, alsoPlayingSaidMarker=affections-glitch",awkward-question,"If you're not feeling well, Sayori... maybe you should lie down?",resp-s3-poststrip-sayori-A2,A2

3,must_strip_self,"alsoPlaying=sayori, alsoPlayingSaidMarker=affections-glitch, priority=9999",shy-nervous,"O-Oh, jeez, this is going to be embarassing, isn't it...",resp-s3-prestrip-sayori-A1,A1,0-9
3,must_strip_self,"alsoPlaying=sayori, alsoPlayingSaidMarker=affections-glitch, priority=9999",shy-nervous,"W-Well, uhm... I don't have any other choice, do I?",resp-s3-prestrip-sayori-A2,A2,0-9
3,stripping,"alsoPlaying=sayori, alsoPlayingSaidMarker=affections-glitch, priority=9999",stripping,"I--I'm just going to take my shirt off, then... uhm, Sayori... <i>could you please stop staring at me?</i>",resp-s3-strip-sayori-A1,A1,0-9
3,stripping,"alsoPlaying=sayori, alsoPlayingSaidMarker=affections-glitch, priority=9999",stripping,"J-Jeez, Sayori... could you please stop staring at me like that?",resp-s3-strip-sayori-A2,A2,0-9
4,stripped,"alsoPlaying=sayori, alsoPlayingSaidMarker=affections-glitch, priority=9999",exasperated,"Sayori? Sayori! ...she's not listening, is she?",resp-s4-poststrip-sayori-A1,A1,0-9
4,stripped,"alsoPlaying=sayori, alsoPlayingSaidMarker=affections-glitch, priority=9999",exasperated,"Sayori? Hey, Sayori! ...she's spacing out again, isn't she?",resp-s4-poststrip-sayori-A2,A2,0-9

4,must_strip_self,"alsoPlaying=sayori, alsoPlayingSaidMarker=affections-glitch, priority=9999",exasperated,"Y-You don't have to remind me, Sayori...",resp-s4-prestrip-sayori-A1,A1,0-9
4,must_strip_self,"alsoPlaying=sayori, alsoPlayingSaidMarker=affections-glitch, priority=9999",,,resp-s4-prestrip-sayori-A2,A2,0-9
4,stripping,"alsoPlaying=sayori, alsoPlayingSaidMarker=affections-glitch, priority=9999",stripping,"A-Anyways, uhm...",resp-s4-strip-sayori-A1,A1,0-9
4,stripping,"alsoPlaying=sayori, alsoPlayingSaidMarker=affections-glitch, priority=9999",,,resp-s4-strip-sayori-A2,A2,0-9
5,stripped,"alsoPlaying=sayori, alsoPlayingSaidMarker=affections-glitch, priority=9999",exasperated,"...I didn't think you'd be so excited to see my panties, Sayori.",resp-s5-poststrip-sayori-A1,A1,0-9
5,stripped,"alsoPlaying=sayori, alsoPlayingSaidMarker=affections-glitch, priority=9999",,,resp-s5-poststrip-sayori-A2,A2,0-9

5,hand_chatter,"alsoPlaying=sayori, alsoPlayingSaidMarker=affections-glitch, timeInStage=0, priority=9999",awkward-question,Sayori's been acting a bit strange... was it because of my slip-up earlier...?,tgt-s5-hand-sayori-A1

7,stripped,"alsoPlaying=sayori, alsoPlayingSaidMarker=affections-glitch, priority=9999",shy-happy,"Uhm... thanks, Sayori?",resp-s7-poststrip-sayori-A1,A1,0-9
7,stripped,"alsoPlaying=sayori, alsoPlayingSaidMarker=affections-glitch, priority=9999",,,resp-s7-poststrip-sayori-A2,A2,0-9

7,must_strip_self,"alsoPlaying=sayori, alsoPlayingSaidMarker=affections-glitch, priority=9999",awkward-question,"Uh, yeah... it seems so, Sayori.",resp-s7-prestrip-sayori-A1,A1,0-9
7,must_strip_self,"alsoPlaying=sayori, alsoPlayingSaidMarker=affections-glitch, priority=9999",,,resp-s7-prestrip-sayori-A2,A2,0-9
7,stripping,"alsoPlaying=sayori, alsoPlayingSaidMarker=affections-glitch, priority=9999",stripping,"Ehehe... Sayori looks like she's thinking of something <i>lewd</i>, doesn't she?",resp-s7-strip-sayori-A1,A1,0-9
7,stripping,"alsoPlaying=sayori, alsoPlayingSaidMarker=affections-glitch, priority=9999",,,resp-s7-strip-sayori-A2,A2,0-9
8,stripped,"alsoPlaying=sayori, alsoPlayingSaidMarker=affections-glitch, priority=9999",horny,Well... that's it! This is <i>all</i> of me.,resp-s8-poststrip-sayori-A1,A1,0-9
8,stripped,"alsoPlaying=sayori, alsoPlayingSaidMarker=affections-glitch, priority=9999",,,resp-s8-poststrip-sayori-A2,A2,0-9

8,"must_masturbate, must_masturbate_first","alsoPlaying=sayori, alsoPlayingStage=8-9, alsoPlayingSaidMarker=affections-glitch",exasperated,"W-Well, I wasn't expecting to have to do this in front of ~player~ and Sayori, but...",resp-s8-premast-sayori-A1,A1,8-9
8,"must_masturbate, must_masturbate_first","alsoPlaying=sayori, alsoPlayingStage=8-9, alsoPlayingSaidMarker=affections-glitch",,,resp-s8-premast-sayori-A2,A2,8-9
8,start_masturbating,"alsoPlaying=sayori, alsoPlayingStage=8-9, alsoPlayingSaidMarker=affections-glitch",starting,"Well, here goes nothing... Sayori? What's with that look?",resp-s8-start-mast-sayori-A1,A1,8-9
8,start_masturbating,"alsoPlaying=sayori, alsoPlayingStage=8-9, alsoPlayingSaidMarker=affections-glitch",starting,"Well, here I go... hm? What's with that look, Sayori?",resp-s8-start-mast-sayori-A2,A2,8-9

8,start_masturbating,"saidMarker=joint-masturbation, priority=99999",sayonika-start.png,"<div class='monika-joint-dialogue-container'><div class='monika-joint-dialogue-1'>Wait, Sayori! What are you--!</div><hr/><div class='monika-joint-dialogue-2'>Ehehe~! Relax, Monika, this will only take a second...</div></div>",resp-s8-start-mast-sayori-C1,C1,8-9,"Wait, Sayori! What are you--!","Ehehe~! Relax, Monika, this will only take a second..."
8,start_masturbating,"saidMarker=joint-masturbation, priority=99999",sayonika-start.png,"<div class='monika-joint-dialogue-container'><div class='monika-joint-dialogue-1'>W-Wait, Sayori?! What are you--!</div><hr/><div class='monika-joint-dialogue-2'>Ehehe... just let me take it from here, Monika~!</div></div>",resp-s8-start-mast-sayori-C2,C2,8-9,"W-Wait, Sayori?! What are you--!","Ehehe... just let me take it from here, Monika~!"

9,finishing_masturbating,"saidMarker=joint-masturbation, priority=99999",sayonika-finishing.png,<script>monika.endJointMasturbation();</script><div class='monika-joint-dialogue-container'><div class='monika-joint-dialogue-1'>MMmmfff!</div><hr/><div class='monika-joint-dialogue-2'><i>Monika...!</i></div></div>,,,,MMmmfff!,<i>Monika...!</i>

10,finished_masturbating,"saidMarker=joint-masturbation, notSaidMarker=joint-masturbation-finished, priority=99999",sayonika-finished.png,"<div class='monika-joint-dialogue-container'><div class='monika-joint-dialogue-1'>O-Oh, wow, that was...</div><hr/><div class='monika-joint-dialogue-2'><i>Kyaaaa! What happened to me?!</i></div></div>",joint-masturbation-finished,,,"O-Oh, wow, that was...",<i>Kyaaaa! What happened to me?!</i>
10,finished_masturbating,"saidMarker=joint-masturbation, notSaidMarker=joint-masturbation-finished, priority=99999",sayonika-finished.png,"<div class='monika-joint-dialogue-container'><div class='monika-joint-dialogue-1'>O-Oh, wow, Sayori... you were...</div><hr/><div class='monika-joint-dialogue-2'><i>Kyaaaa! What am I doing?!</i></div></div>",joint-masturbation-finished,,,"O-Oh, wow, Sayori... you were...",<i>Kyaaaa! What am I doing?!</i>

10,global,"saidMarker=joint-masturbation-finished, notSaidMarker=joint-masturbation-finished-2, priority=99999",shy-nervous,"T-That really was, uhm... <i>surprising</i>, Sayori, but... uh, <small>I kinda liked it...</small>",joint-masturbation-finished-2

9,"masturbating, opponent_masturbating, opponent_heavy_masturbating","saidMarker=joint-masturbation, priority=99990",sayonika-1.png,"<div class='monika-joint-dialogue-container'><div class='monika-joint-dialogue-1'>Mmm!</div><hr/><div class='monika-joint-dialogue-2'>Really, Monika, just relax~!</div></div>",,,,Mmm!,"Really, Monika, just relax~!"
9,"masturbating, opponent_masturbating, opponent_heavy_masturbating","saidMarker=joint-masturbation, priority=99990",sayonika-1.png,<div class='monika-joint-dialogue-container'><div class='monika-joint-dialogue-1'>Ah!</div><hr/><div class='monika-joint-dialogue-2'>Ehehe~!</div></div>,,,,Ah!,Ehehe~!
9,"masturbating, opponent_masturbating, opponent_heavy_masturbating","saidMarker=joint-masturbation, priority=99990",sayonika-1.png,"<div class='monika-joint-dialogue-container'><div class='monika-joint-dialogue-1'>S-Sayori...?</div><hr/><div class='monika-joint-dialogue-2'>Ehehe... you really need to lighten up, Monika~!</div></div>",,,,S-Sayori...?,"Ehehe... you really need to lighten up, Monika~!"
9,"masturbating, opponent_masturbating, opponent_heavy_masturbating","saidMarker=joint-masturbation, priority=99990",sayonika-2.png,<div class='monika-joint-dialogue-container'><div class='monika-joint-dialogue-1'>Hm!</div><hr/><div class='monika-joint-dialogue-2'>Aha!</div></div>,,,,Hm!,Aha!
9,"masturbating, opponent_masturbating, opponent_heavy_masturbating","saidMarker=joint-masturbation, priority=99990",sayonika-2.png,<div class='monika-joint-dialogue-container'><div class='monika-joint-dialogue-1'>A-Ah!</div><hr/><div class='monika-joint-dialogue-2'>What if... I tried this...?</div></div>,,,,A-Ah!,What if... I tried this...?
9,"masturbating, opponent_masturbating, opponent_heavy_masturbating","saidMarker=joint-masturbation, priority=99990",sayonika-2.png,"<div class='monika-joint-dialogue-container'><div class='monika-joint-dialogue-1'>O-Oh!</div><hr/><div class='monika-joint-dialogue-2'>You're so tense, Monika... loosen up, okay~?</div></div>",,,,O-Oh!,"You're so tense, Monika... loosen up, okay~?"
9,"masturbating, opponent_masturbating, opponent_heavy_masturbating","saidMarker=joint-masturbation, priority=99990",sayonika-4.png,"<div class='monika-joint-dialogue-container'><div class='monika-joint-dialogue-1'>M-Mmmm...</div><hr/><div class='monika-joint-dialogue-2'>Hehe... you're so wound up, Monika...</div></div>",,,,M-Mmmm...,"Hehe... you're so wound up, Monika..."
9,"masturbating, opponent_masturbating, opponent_heavy_masturbating","saidMarker=joint-masturbation, priority=99990",sayonika-4.png,"<div class='monika-joint-dialogue-container'><div class='monika-joint-dialogue-1'>E-Eep!</div><hr/><div class='monika-joint-dialogue-2'>Let it all flow, Monika...</div></div>",,,,E-Eep!,"Let it all flow, Monika..."
9,"masturbating, opponent_masturbating, opponent_heavy_masturbating","saidMarker=joint-masturbation, priority=99990",sayonika-4.png,"<div class='monika-joint-dialogue-container'><div class='monika-joint-dialogue-1'>Hmm!</div><hr/><div class='monika-joint-dialogue-2'>Relax, Monika...</div></div>",,,,Hmm!,"Relax, Monika..."
9,heavy_masturbating,"saidMarker=joint-masturbation, priority=99990",sayonika-3.png,<div class='monika-joint-dialogue-container'><div class='monika-joint-dialogue-1'>Ohh...</div><hr/><div class='monika-joint-dialogue-2'>Mhmm...</div></div>,,,,Ohh...,Mhmm...
9,heavy_masturbating,"saidMarker=joint-masturbation, priority=99990",sayonika-3.png,"<div class='monika-joint-dialogue-container'><div class='monika-joint-dialogue-1'>...</div><hr/><div class='monika-joint-dialogue-2'>Ehe, she just kinda melted in my hands~!</div></div>",,,,...,"Ehe, she just kinda melted in my hands~!"
9,heavy_masturbating,"saidMarker=joint-masturbation, priority=99990",sayonika-4.png,"<div class='monika-joint-dialogue-container'><div class='monika-joint-dialogue-1'>D-Don't stop, Sayori...</div><hr/><div class='monika-joint-dialogue-2'>I won't, Monika... trust me~!</div></div>",,,,"D-Don't stop, Sayori...","I won't, Monika... trust me~!"
9,heavy_masturbating,"saidMarker=joint-masturbation, priority=99990",sayonika-4.png,<div class='monika-joint-dialogue-container'><div class='monika-joint-dialogue-1'>D-Don't stop...</div><hr/><div class='monika-joint-dialogue-2'>Almost there~!</div></div>,,,,D-Don't stop...,Almost there~!

9,masturbating,"saidMarker=joint-masturbation, notSaidMarker=joint-mast-intro, priority=99995",sayonika-1.png,"<div class='monika-joint-dialogue-container'><div class='monika-joint-dialogue-1'>S-Sayori...?</div><hr/><div class='monika-joint-dialogue-2'>Ehehe... you really need to lighten up, Monika~!</div></div>",joint-mast-intro,,,S-Sayori...?,"Ehehe... you really need to lighten up, Monika~!"
9,"player_must_strip, opponent_must_strip","saidMarker=joint-masturbation, notSaidMarker=joint-mast-intro, priority=99995",sayonika-1.png,<div class='monika-joint-dialogue-container'><div class='monika-joint-dialogue-1'>A-Ah!</div><hr/><div class='monika-joint-dialogue-2'>What if... I tried this...?</div></div>,,,,A-Ah!,What if... I tried this...?
9,opponent_removing_any,"saidMarker=joint-masturbation, notSaidMarker=joint-mast-intro, priority=99995",sayonika-2.png,<div class='monika-joint-dialogue-container'><div class='monika-joint-dialogue-1'>Ah!</div><hr/><div class='monika-joint-dialogue-2'>Ehehe~!</div></div>,,,,Ah!,Ehehe~!
9,opponent_removed_any,"saidMarker=joint-masturbation, notSaidMarker=joint-mast-intro, priority=99995",sayonika-2.png,"<div class='monika-joint-dialogue-container'><div class='monika-joint-dialogue-1'>Mmm!</div><hr/><div class='monika-joint-dialogue-2'>Really, Monika, just relax~!</div></div>",joint-mast-intro,,,Mmm!,"Really, Monika, just relax~!"

9,player_must_strip,"saidMarker=joint-masturbation, priority=99990",sayonika-interested.png,"<div class='monika-joint-dialogue-container'><div class='monika-joint-dialogue-1'>H-Hurry up and join us, ~player~...</div><hr/><div class='monika-joint-dialogue-2'>This'll be fun to watch~</div></div>",,,,"H-Hurry up and join us, ~player~...",This'll be fun to watch~
9,player_must_strip,"saidMarker=joint-masturbation, priority=99990",sayonika-questioning.png,"<div class='monika-joint-dialogue-container'><div class='monika-joint-dialogue-1'>...I'm tied up, ~player~ is stripping... this feels so surreal...</div><hr/><div class='monika-joint-dialogue-2'>Just go with it, Monika~!</div></div>",,,,"...I'm tied up, ~player~ is stripping... this feels so surreal...","Just go with it, Monika~!"

9,opponent_must_strip,"saidMarker=joint-masturbation, priority=99990",sayonika-interested.png,"<div class='monika-joint-dialogue-container'><div class='monika-joint-dialogue-1'>Hmm... I think ~name~'s lost this round.</div><hr/><div class='monika-joint-dialogue-2'>Ah! So what are you going to take off this time, ~name~?</div></div>",,,,Hmm... I think ~name~'s lost this round.,"Ah! So what are you going to take off this time, ~name~?"

9,opponent_removing_accessory,"saidMarker=joint-masturbation, priority=99990",sayonika-questioning.png,"<div class='monika-joint-dialogue-container'><div class='monika-joint-dialogue-1'>Are you sure you don't want to take off anything else, ~name~?</div><hr/><div class='monika-joint-dialogue-2'>Aww... really?</div></div>",,,,"Are you sure you don't want to take off anything else, ~name~?",Aww... really?

9,opponent_removed_accessory,"saidMarker=joint-masturbation, priority=99990",sayonika-1.png,"<div class='monika-joint-dialogue-container'><div class='monika-joint-dialogue-2'>Oh, how boring... oh well~!</div><hr/><div class='monika-joint-dialogue-1'>Eh? Sayori, what are you-- hng!</div></div>",,,,"Oh, how boring... oh well~!","Eh? Sayori, what are you-- hng!",TRUE
9,opponent_removed_accessory,"saidMarker=joint-masturbation, priority=99990",sayonika-questioning.png,"<div class='monika-joint-dialogue-container'><div class='monika-joint-dialogue-1'>Oh, that's it...?</div><hr/><div class='monika-joint-dialogue-2'>How boring~!</div></div>",,,,"Oh, that's it...?",How boring~!

9,opponent_removing_minor,"saidMarker=joint-masturbation, priority=99990",sayonika-questioning.png,"<div class='monika-joint-dialogue-container'><div class='monika-joint-dialogue-1'>Really? That's all?</div><hr/><div class='monika-joint-dialogue-2'>It's still something, I guess~</div></div>",,,,Really? That's all?,"It's still something, I guess~"
9,opponent_removing_minor,"saidMarker=joint-masturbation, priority=99990",sayonika-questioning.png,"<div class='monika-joint-dialogue-container'><div class='monika-joint-dialogue-1'>That's it?</div><hr/><div class='monika-joint-dialogue-2'>Are you trying to stall, ~name~?</div></div>",,,,That's it?,"Are you trying to stall, ~name~?"

9,opponent_removed_minor,"saidMarker=joint-masturbation, priority=99990",sayonika-1.png,"<div class='monika-joint-dialogue-container'><div class='monika-joint-dialogue-2'>I guess that's it...? Oh well, back to Monika~</div><hr/><div class='monika-joint-dialogue-1'>Ah, wait--!</div></div>",,,,"I guess that's it...? Oh well, back to Monika~","Ah, wait--!",TRUE
9,opponent_removed_minor,"saidMarker=joint-masturbation, priority=99990",sayonika-2.png,"<div class='monika-joint-dialogue-container'><div class='monika-joint-dialogue-2'>...oh well, back to Monika~</div><hr/><div class='monika-joint-dialogue-1'>W-Wait--!</div></div>",,,,"...oh well, back to Monika~",W-Wait--!,TRUE

9,opponent_removing_major,"saidMarker=joint-masturbation, priority=99990",sayonika-interested.png,"<div class='monika-joint-dialogue-container'><div class='monika-joint-dialogue-1'>Oh, ~name~'s taking off something pretty big, this time.</div><hr/><div class='monika-joint-dialogue-2'>Ah, really?</div></div>",,,,"Oh, ~name~'s taking off something pretty big, this time.","Ah, really?"
9,opponent_removing_major,"saidMarker=joint-masturbation, priority=99990",sayonika-interested.png,"<div class='monika-joint-dialogue-container'><div class='monika-joint-dialogue-2'>Ooo, really, ~name~? That?</div><hr/><div class='monika-joint-dialogue-1'>Not much left to lose...</div></div>",,,,"Ooo, really, ~name~? That?",Not much left to lose...,TRUE

9,opponent_removed_major,"saidMarker=joint-masturbation, priority=99990",sayonika-happy.png,"<div class='monika-joint-dialogue-container'><div class='monika-joint-dialogue-1'>We'll get the rest off in time, I suppose...</div><hr/><div class='monika-joint-dialogue-2'>Ehe~!</div></div>",,,,"We'll get the rest off in time, I suppose...",Ehe~!
9,opponent_removed_major,"saidMarker=joint-masturbation, priority=99990",sayonika-happy.png,<div class='monika-joint-dialogue-container'><div class='monika-joint-dialogue-2'>It looks like ~name~ only has a few more pieces to go?</div><hr/><div class='monika-joint-dialogue-1'>It seems so.</div></div>,,,,It looks like ~name~ only has a few more pieces to go?,It seems so.,TRUE

9,female_chest_will_be_visible,"saidMarker=joint-masturbation, priority=99990",sayonika-happy.png,"<div class='monika-joint-dialogue-container'><div class='monika-joint-dialogue-1'>...At least you won't be the only one exposed, ~name~?</div><hr/><div class='monika-joint-dialogue-2'>Oh, ~name~'s going to go topless, isn't she?</div></div>",,,,"...At least you won't be the only one exposed, ~name~?","Oh, ~name~'s going to go topless, isn't she?"
9,male_chest_will_be_visible,"saidMarker=joint-masturbation, priority=99990",sayonika-happy.png,"<div class='monika-joint-dialogue-container'><div class='monika-joint-dialogue-1'>...At least you won't be the only one exposed, ~name~?</div><hr/><div class='monika-joint-dialogue-2'>Oh, ~name~'s going to go topless, isn't he?</div></div>",,,,"...At least you won't be the only one exposed, ~name~?","Oh, ~name~'s going to go topless, isn't he?"
9,opponent_chest_will_be_visible,"saidMarker=joint-masturbation, priority=99990",sayonika-happy.png,"<div class='monika-joint-dialogue-container'><div class='monika-joint-dialogue-1'>D-Don't worry, ~name~! You're not, uhm, the only one in an embarassing situation, here!</div><hr/><div class='monika-joint-dialogue-2'>Ehehe... you won't be alone, ~name~!</div></div>",,,,"D-Don't worry, ~name~! You're not, uhm, the only one in an embarassing situation, here!","Ehehe... you won't be alone, ~name~!"

9,female_small_chest_is_visible,"saidMarker=joint-masturbation, priority=99990",sayonika-interested.png,"<div class='monika-joint-dialogue-container'><div class='monika-joint-dialogue-2'>He~eey, we match, ehehe!</div><hr/><div class='monika-joint-dialogue-1'>Sayori's right. I'm not feeling much pressed against my back...</div></div>",,,,"He~eey, we match, ehehe!",Sayori's right. I'm not feeling much pressed against my back...,TRUE
9,female_medium_chest_is_visible,"saidMarker=joint-masturbation, priority=99990",sayonika-interested.png,"<div class='monika-joint-dialogue-container'><div class='monika-joint-dialogue-1'>Pretty average, aren't they, ~name~?</div><hr/><div class='monika-joint-dialogue-2'>Oooh, you're just like Monika!</div></div>",,,,"Pretty average, aren't they, ~name~?","Oooh, you're just like Monika!"
9,female_large_chest_is_visible,"saidMarker=joint-masturbation, priority=99990",sayonika-interested.png,"<div class='monika-joint-dialogue-container'><div class='monika-joint-dialogue-2'>Oh, are <i>those</i> why you're here, ~name~?</div><hr/><div class='monika-joint-dialogue-1'>...I would have worded that a bit more delicately, Sayori. But you're probably correct.</div></div>",,,,"Oh, are <i>those</i> why you're here, ~name~?","...I would have worded that a bit more delicately, Sayori. But you're probably correct.",TRUE
9,male_chest_is_visible,"saidMarker=joint-masturbation, priority=99990",sayonika-interested.png,"<div class='monika-joint-dialogue-container'><div class='monika-joint-dialogue-1'>I wonder if we'll be able to get the rest of your clothes off?</div><hr/><div class='monika-joint-dialogue-2'>Ehehe... you look good, ~name~!</div></div>",,,,I wonder if we'll be able to get the rest of your clothes off?,"Ehehe... you look good, ~name~!"

9,male_crotch_will_be_visible,"saidMarker=joint-masturbation, priority=99990",sayonika-interested.png,"<div class='monika-joint-dialogue-container'><div class='monika-joint-dialogue-1'>You don't have to hide it anymore, ~name~.</div><hr/><div class='monika-joint-dialogue-2'>Eeehh... I think I can see it underneath his ~clothing~...?</div></div>",,,,"You don't have to hide it anymore, ~name~.",Eeehh... I think I can see it underneath his ~clothing~...?
9,female_crotch_will_be_visible,"saidMarker=joint-masturbation, priority=99990",sayonika-questioning.png,"<div class='monika-joint-dialogue-container'><div class='monika-joint-dialogue-2'>So, does the... roof match the... windows? Or, wait, uhm, was it... floor and curtains?</div><hr/><div class='monika-joint-dialogue-1'>...I think you mean <i>carpet</i> and <i>drapes</i>, Sayori.</div></div>",,,,"So, does the... roof match the... windows? Or, wait, uhm, was it... floor and curtains?","...I think you mean <i>carpet</i> and <i>drapes</i>, Sayori.",TRUE
9,opponent_crotch_will_be_visible,"saidMarker=joint-masturbation, priority=99990",sayonika-interested.png,"<div class='monika-joint-dialogue-container'><div class='monika-joint-dialogue-1'>You don't have much longer left, ~name~...</div><hr/><div class='monika-joint-dialogue-2'>Mmhmm~!</div></div>",,,,"You don't have much longer left, ~name~...",Mmhmm~!

9,male_small_crotch_is_visible,"saidMarker=joint-masturbation, priority=99990",sayonika-questioning.png,"<div class='monika-joint-dialogue-container'><div class='monika-joint-dialogue-1'>Well, uhm. At least it's there?</div><hr/><div class='monika-joint-dialogue-2'>Whoa, that's tiny, isn't it?</div></div>",,,,"Well, uhm. At least it's there?","Whoa, that's tiny, isn't it?"
9,male_medium_crotch_is_visible,"saidMarker=joint-masturbation, priority=99990",sayonika-interested.png,"<div class='monika-joint-dialogue-container'><div class='monika-joint-dialogue-1'>You seem pretty <i>excited</i>, ~name~.</div><hr/><div class='monika-joint-dialogue-2'>Is it because of Monika and I?</div></div>",,,,"You seem pretty <i>excited</i>, ~name~.",Is it because of Monika and I?
9,male_large_crotch_is_visible,"saidMarker=joint-masturbation, priority=99990",sayonika-interested.png,"<div class='monika-joint-dialogue-container'><div class='monika-joint-dialogue-1'>Jeez, that's pretty big, isn't it?</div><hr/><div class='monika-joint-dialogue-2'>Hmm... is <i>that</i> why ~name~'s at this table?</div></div>",,,,"Jeez, that's pretty big, isn't it?",Hmm... is <i>that</i> why ~name~'s at this table?
9,female_crotch_is_visible,"filter=shaved, saidMarker=joint-masturbation, priority=99990",sayonika-questioning.png,"<div class='monika-joint-dialogue-container'><div class='monika-joint-dialogue-1'>I guess we'll never answer the question.</div><hr/><div class='monika-joint-dialogue-2'>Oh, you shave, ~name~?</div></div>",,,,I guess we'll never answer the question.,"Oh, you shave, ~name~?"
9,female_crotch_is_visible,"saidMarker=joint-masturbation, priority=99990",sayonika-interested.png,"<div class='monika-joint-dialogue-container'><div class='monika-joint-dialogue-1'>Does that answer your question, Sayori?</div><hr/><div class='monika-joint-dialogue-2'>...eh? That's an actual question?! I thought it was just something people said!</div></div>",,,,"Does that answer your question, Sayori?",...eh? That's an actual question?! I thought it was just something people said!

9,opponent_must_masturbate,"saidMarker=joint-masturbation, priority=99990",sayonika-interested.png,"<div class='monika-joint-dialogue-container'><div class='monika-joint-dialogue-1'>That's it for ~name~, right?</div><hr/><div class='monika-joint-dialogue-2'>That makes three of us~</div></div>",,,,"That's it for ~name~, right?",That makes three of us~
9,opponent_must_masturbate,"saidMarker=joint-masturbation, priority=99990",sayonika-interested.png,"<div class='monika-joint-dialogue-container'><div class='monika-joint-dialogue-1'>So I guess that makes three of us...</div><hr/><div class='monika-joint-dialogue-2'>Ehehe~! This'll be fun to watch, won't it, Monika?</div></div>",,,,So I guess that makes three of us...,"Ehehe~! This'll be fun to watch, won't it, Monika?"

9,opponent_start_masturbating,"saidMarker=joint-masturbation, priority=99990",sayonika-questioning.png,"<div class='monika-joint-dialogue-container'><div class='monika-joint-dialogue-1'>Are you going to tie up ~name~ too, Sayori?</div><hr/><div class='monika-joint-dialogue-2'>Ehehe... nope! I only want to do this with <i>you</i>, Monika!</div></div>",,,,"Are you going to tie up ~name~ too, Sayori?","Ehehe... nope! I only want to do this with <i>you</i>, Monika!"
9,opponent_start_masturbating,"saidMarker=joint-masturbation, priority=99990",sayonika-questioning.png,"<div class='monika-joint-dialogue-container'><div class='monika-joint-dialogue-2'>Off you go, ~name~~!</div><hr/><div class='monika-joint-dialogue-1'>This feels so surreal...</div></div>",,,,"Off you go, ~name~~!",This feels so surreal...,TRUE

9,opponent_finished_masturbating,"saidMarker=joint-masturbation, priority=99990",sayonika-questioning.png,"<div class='monika-joint-dialogue-container'><div class='monika-joint-dialogue-2'>I wonder if Monika will sound like that~?</div><hr/><div class='monika-joint-dialogue-1'>E-Eh? Sayori, wha--?</div></div>",,,,I wonder if Monika will sound like that~?,"E-Eh? Sayori, wha--?",TRUE
9,opponent_finished_masturbating,"saidMarker=joint-masturbation, priority=99990",sayonika-questioning.png,"<div class='monika-joint-dialogue-container'><div class='monika-joint-dialogue-1'>I-- I wonder if that's what Sayori sounds like when she...</div><hr/><div class='monika-joint-dialogue-2'>Ehehe~! You'll have to find out, Monika~!</div></div>",,,,I-- I wonder if that's what Sayori sounds like when she...,"Ehehe~! You'll have to find out, Monika~!"
