target,targetStage,alsoPlaying,alsoPlayingStage,case identifier,line identifier,stage,case,conditions,image,text,marker,priority,silent

,,,,,,,,MONIKA SINGLE-TARGETED LINES (w/ Affections Glitch)

monika,2,,,prestrip,A1,0-9,opponent_must_strip,"target=monika, targetStage=2, saidMarker=affections-glitch",embarassed,"O-Oh, Monika's stripping again? (<i>W-Why do I feel so...</i>)",tgt-monika-s2-prestrip-A1
monika,2,,,prestrip,A2,0-9,opponent_must_strip,"target=monika, targetStage=2, saidMarker=affections-glitch",embarassed,"W-Wait... Monika's stripping again, right?! (<i>Why do I feel so...</i>)",tgt-monika-s2-prestrip-A2
monika,2,,,strip,A1,0-9,target_stripping,"target=monika, targetStage=2, saidMarker=affections-glitch",thinking,"Ehehe... I'm not sure what's really going on, but... I feel so <i>weird...</i>",tgt-monika-s2-strip-A1
monika,2,,,strip,A2,0-9,target_stripping,"target=monika, targetStage=2, saidMarker=affections-glitch",thinking,"I'm not really sure what's going on, but... I feel so <i>weird</i> right now...",tgt-monika-s2-strip-A2
monika,3,,,poststrip,A1,0-9,target_stripped,"target=monika, targetStage=3, saidMarker=affections-glitch",sad,"I-I'm feeling a bit... lightheaded, sorry...",tgt-monika-s3-poststrip-A1
monika,3,,,poststrip,A2,0-9,target_stripped,"target=monika, targetStage=3, saidMarker=affections-glitch",sad,"I-It kinda feels like my head's not all <i>there</i>, in a way...",tgt-monika-s3-poststrip-A2

monika,3,,,prestrip,A1,0-9,opponent_must_strip,"target=monika, targetStage=3, saidMarker=affections-glitch",shocked,"M-Monika's taking off her shirt, isn't she?!",tgt-monika-s3-prestrip-A1
monika,3,,,prestrip,A2,0-9,opponent_must_strip,"target=monika, targetStage=3, saidMarker=affections-glitch",shocked,W-Wait! Monika's taking off her shirt?!,tgt-monika-s3-prestrip-A2
monika,3,,,strip,A1,0-9,target_stripping,"target=monika, targetStage=3, saidMarker=affections-glitch",embarassed,(<i>W-Why do I feel so hot right now?</i>),tgt-monika-s3-strip-A1
monika,3,,,strip,A2,0-9,target_stripping,"target=monika, targetStage=3, saidMarker=affections-glitch",embarassed,(<i>W-Why do I feel so excited to see this?</i>),tgt-monika-s3-strip-A2
monika,4,,,poststrip,A1,0-9,target_stripped,"target=monika, targetStage=4, saidMarker=affections-glitch",embarassed,(<i>A-Am I in love with her? W-Was I always in love with her? W-When did this happen?!</i>),tgt-monika-s4-poststrip-A1
monika,4,,,poststrip,A2,0-9,target_stripped,"target=monika, targetStage=4, saidMarker=affections-glitch",embarassed,"(<i>W-Wait... I'm not in love with her, am I? W-Was I always like this? W-When did this happen?!</i>)",tgt-monika-s4-poststrip-A2
monika,4,,,hand,A1,0-9,hand_chatter,"alsoPlaying=monika, alsoPlayingStage=4, saidMarker=affections-glitch, alsoPlayingTimeInStage=0",embarassed,"O-Oh, sorry, Monika! I-I was, uhm... thinking, ehehe...",tgt-monika-s4-hand-A1
monika,4,,,hand,A2,0-9,hand_chatter,"alsoPlaying=monika, alsoPlayingStage=4, saidMarker=affections-glitch, alsoPlayingTimeInStage=0",embarassed,"S-Sorry, Monika! I was just... uhm... thinking about something, ehehe~! ",tgt-monika-s4-hand-A2

monika,4,,,prestrip,A1,0-9,opponent_must_strip,"target=monika, targetStage=4, saidMarker=affections-glitch",shocked,I-- We're going to see Monika's <i>panties!</i>,tgt-monika-s4-prestrip-A1
monika,4,,,prestrip,A2,0-9,opponent_must_strip,"target=monika, targetStage=4, saidMarker=affections-glitch",shocked,"W-We're going to see Monika's <i>panties</i>, aren't we?!",tgt-monika-s4-prestrip-A2
monika,4,,,strip,A1,0-9,target_stripping,"target=monika, targetStage=4, saidMarker=affections-glitch",embarassed,(<i>I-- I can't wait... but why?</i>),tgt-monika-s4-strip-A1
monika,4,,,strip,A2,0-9,target_stripping,"target=monika, targetStage=4, saidMarker=affections-glitch",embarassed,(<i>I-- I can't wait to see... but why?</i>),tgt-monika-s4-strip-A2
monika,5,,,poststrip,A1,0-7,target_stripped,"target=monika, targetStage=5, saidMarker=affections-glitch",happy,There they are... ehehe~!,tgt-monika-s5-poststrip-A1
monika,5,,,poststrip,A2,0-7,target_stripped,"target=monika, targetStage=5, saidMarker=affections-glitch",happy,Ehehe... there they are~!,tgt-monika-s5-poststrip-A2
monika,5,,,poststrip,A1,8-9,target_stripped,"target=monika, targetStage=5, saidMarker=affections-glitch",horny,There they are... ehehe~!,tgt-monika-s5-poststrip-A1
monika,5,,,poststrip,A2,8-9,target_stripped,"target=monika, targetStage=5, saidMarker=affections-glitch",horny,Ehehe... there they are~!,tgt-monika-s5-poststrip-A2

monika,5,,,prestrip,A1,0-9,opponent_must_strip,"target=monika, targetStage=5, saidMarker=affections-glitch",embarassed,(<i>H-Have I always felt this way for Monika? Or...</i>),tgt-monika-s5-prestrip-A1
monika,5,,,prestrip,A2,0-9,opponent_must_strip,"target=monika, targetStage=5, saidMarker=affections-glitch",embarassed,(<i>W-when did this happen? Or...</i>),tgt-monika-s5-prestrip-A2
monika,5,,,strip,A1,0-9,target_stripping,"target=monika, targetStage=5, saidMarker=affections-glitch",thinking,"(<i>...does it really matter? I mean... she's undeniably collected, and friendly, and cool... and sexy...</i>)",tgt-monika-s5-strip-A1
monika,5,,,strip,A2,0-9,target_stripping,"target=monika, targetStage=5, saidMarker=affections-glitch",thinking,"(<i>...but... I mean... she's really calm, and collected, and friendly... and hot...</i>)",tgt-monika-s5-strip-A2
monika,6,,,poststrip,A1,0-9,target_stripped,"target=monika, targetStage=6, saidMarker=affections-glitch",happy,(<i>...I-- I guess it makes sense...?</i>),tgt-monika-s6-poststrip-A1
monika,6,,,poststrip,A2,0-9,target_stripped,"target=monika, targetStage=6, saidMarker=affections-glitch",happy,(<i>...yeah! It makes sense... right?</i>),tgt-monika-s6-poststrip-A2

monika,6,,,prestrip,A1,0-9,opponent_must_strip,"target=monika, targetStage=6, saidMarker=affections-glitch",excited,"O-Oh! Monika's about to take off her bra, isn't she?!",tgt-monika-s6-prestrip-A1
monika,6,,,prestrip,A2,0-9,opponent_must_strip,"target=monika, targetStage=6, saidMarker=affections-glitch",excited,"...Monika's about to take off her bra, right?!",tgt-monika-s6-prestrip-A2
monika,6,,,strip,A1,0-7,target_stripping,"target=monika, targetStage=6, saidMarker=affections-glitch",happy,(<i>I-- I just want to...</i>),tgt-monika-s6-strip-A1
monika,6,,,strip,A2,0-7,target_stripping,"target=monika, targetStage=6, saidMarker=affections-glitch",happy,(<i>Mmm... why am I getting so aroused by this...?</i>),tgt-monika-s6-strip-A2
monika,6,,,strip,A1,8-9,target_stripping,"target=monika, targetStage=6, saidMarker=affections-glitch",horny,(<i>I-- I just want to...</i>),tgt-monika-s6-strip-A1
monika,6,,,strip,A2,8-9,target_stripping,"target=monika, targetStage=6, saidMarker=affections-glitch",horny,(<i>Mmm... why am I getting so aroused by this...?</i>),tgt-monika-s6-strip-A2
monika,7,,,poststrip,A1,0-9,target_stripped,"target=monika, targetStage=7, saidMarker=affections-glitch",happy,"(<i>...I wonder what Monika's breasts feel like...</i>) Ehehe... I think your boobs miiiight be a bit bigger than mine, Monika...",tgt-monika-s7-poststrip-A1
monika,7,,,poststrip,A2,0-9,target_stripped,"target=monika, targetStage=7, saidMarker=affections-glitch",happy,"(<i>...I wonder what those would feel like in my hands...</i>) Ehehe... you look as beautiful as ever, Monika...",tgt-monika-s7-poststrip-A2

monika,7,,,prestrip,A1,0-9,opponent_must_strip,"target=monika, targetStage=7, saidMarker=affections-glitch",excited,"Monika's going to have to get naked now, isn't she?!",tgt-monika-s7-prestrip-A1
monika,7,,,prestrip,A2,0-9,opponent_must_strip,"target=monika, targetStage=7, saidMarker=affections-glitch",excited,"Oooo... Monika's going to get naked, now!",tgt-monika-s7-prestrip-A2
monika,7,,,strip,A1,0-9,target_stripping,"target=monika, targetStage=7, saidMarker=affections-glitch",embarassed,(<i>Ehehe... I wonder if Monika would be interested in </i>that<i> kind of stuff...</i>),tgt-monika-s7-strip-A1
monika,7,,,strip,A2,0-9,target_stripping,"target=monika, targetStage=7, saidMarker=affections-glitch",embarassed,(<i>Hmm... I wonder... would Monika be interested in </i>that<i> kind of stuff?</i>),tgt-monika-s7-strip-A2
monika,8,,,poststrip,A1,0-9,target_stripped,"target=monika, targetStage=8, saidMarker=affections-glitch",shocked,E-Eh? Did it really look like that? ...sorry...,tgt-monika-s8-poststrip-A1
monika,8,,,poststrip,A2,0-9,target_stripped,"target=monika, targetStage=8, saidMarker=affections-glitch",,,tgt-monika-s8-poststrip-A2

monika,8,,,premast,B1,0-7,opponent_must_masturbate,"target=monika, targetStage=8, saidMarker=affections-glitch",excited,"Ehehe... that's it for Monika, right?",tgt-monika-s8-premast-B1
monika,8,,,premast,B2,0-7,opponent_must_masturbate,"target=monika, targetStage=8, saidMarker=affections-glitch",excited,"Well~ll.... that's it for Monika, hmm?",tgt-monika-s8-premast-B2
monika,8,,,start-mast,B1,0-7,opponent_start_masturbating,"target=monika, targetStage=8, saidMarker=affections-glitch",happy,Hmm... I didn't really expect Monika to lose before I did! But it's a nice surprise regardless~!,tgt-monika-s8-start-mast-B1
monika,8,,,start-mast,B2,0-7,opponent_start_masturbating,"target=monika, targetStage=8, saidMarker=affections-glitch",happy,I didn't really think Monika would lose before I did! But it'll be nice to watch regardless~!,tgt-monika-s8-start-mast-B2

monika,8,,,premast,A1,8-9,opponent_must_masturbate,"target=monika, targetStage=8, saidMarker=affections-glitch",excited,"Ehehe... looks like you've lost, Monika!",tgt-monika-s8-premast-A1
monika,8,,,premast,A2,8-9,opponent_must_masturbate,"target=monika, targetStage=8, saidMarker=affections-glitch",excited,"Ehehe... that makes two of us, Monika!",tgt-monika-s8-premast-A2
monika,8,,,start-mast,A1,8-9,opponent_start_masturbating,"target=monika, targetStage=8, saidMarker=affections-glitch",thinking,(<i>Hmm... should I ask her...?</i>),tgt-monika-s8-start-mast-A1
monika,8,,,start-mast,A2,8-9,opponent_start_masturbating,"target=monika, targetStage=8, saidMarker=affections-glitch",thinking,(<i>I wonder... should I ask?</i>),tgt-monika-s8-start-mast-A2
monika,9,,,mast,A1,0-9,opponent_masturbating,"target=monika, targetStage=9, saidMarker=affections-glitch, priority=9990",happy,"Ehehe... Monika's fun to watch, isn't she, ~player~?",monika-start-joint-mast-0
monika,9,,,mast,A2,0-9,opponent_masturbating,"target=monika, targetStage=9, saidMarker=affections-glitch, priority=9990",happy,"Ehehe... isn't it fun to watch Monika, ~player~?",monika-start-joint-mast-0

,,,,,,8-9,"opponent_masturbating, opponent_heavy_masturbating","target=monika, targetStage=9, notSaidMarker=monika-start-joint-mast-1, saidMarker=monika-start-joint-mast-0, priority=9995",excited,"Ehehe... I've got an idea! Hey, Monika~!",monika-start-joint-mast-1
,,,,,,8-9,"opponent_masturbating, opponent_heavy_masturbating","target=monika, targetStage=9, notSaidMarker=monika-start-joint-mast-1, saidMarker=monika-start-joint-mast-0, priority=9995",excited,"Hmm... I've got an idea! Hey, Monika~!",monika-start-joint-mast-1
,,,,,,8-9,"opponent_masturbating, opponent_heavy_masturbating","alsoPlaying=monika, alsoPlayingStage=9, notSaidMarker=monika-start-joint-mast-1, saidMarker=monika-start-joint-mast-0, priority=9995",excited,"Ehehe... I've got an idea! Hey, Monika~!",monika-start-joint-mast-1
,,,,,,8-9,"opponent_masturbating, opponent_heavy_masturbating","alsoPlaying=monika, alsoPlayingStage=9, notSaidMarker=monika-start-joint-mast-1, saidMarker=monika-start-joint-mast-0, priority=9995",excited,"Hmm... I've got an idea! Hey, Monika~!",monika-start-joint-mast-1
,,,,,,8-9,"masturbating, heavy_masturbating","alsoPlaying=monika, alsoPlayingStage=9, notSaidMarker=monika-start-joint-mast-1, saidMarker=monika-start-joint-mast-0, priority=9995",excited,"Ehehe... I've got an idea! Hey, Monika~!",monika-start-joint-mast-1
,,,,,,8-9,"masturbating, heavy_masturbating","alsoPlaying=monika, alsoPlayingStage=9, notSaidMarker=monika-start-joint-mast-1, saidMarker=monika-start-joint-mast-0, priority=9995",excited,"Hmm... I've got an idea! Hey, Monika~!",monika-start-joint-mast-1

,,,,,,8-9,"opponent_masturbating, opponent_heavy_masturbating","target=monika, targetStage=9, saidMarker=monika-start-joint-mast-1, notSaidMarker=monika-start-joint-mast-2, priority=9999",blank.png,<script>monika.startJointMasturbation();</script>,monika-start-joint-mast-2
,,,,,,8-9,"opponent_masturbating, opponent_heavy_masturbating","target=monika, targetStage=9, saidMarker=monika-start-joint-mast-1, notSaidMarker=monika-start-joint-mast-2, priority=9999",blank.png,<script>monika.startJointMasturbation();</script>,monika-start-joint-mast-2
,,,,,,8-9,"opponent_masturbating, opponent_heavy_masturbating","alsoPlaying=monika, alsoPlayingStage=9, saidMarker=monika-start-joint-mast-1, notSaidMarker=monika-start-joint-mast-2, priority=9999",blank.png,<script>monika.startJointMasturbation();</script>,monika-start-joint-mast-2
,,,,,,8-9,"opponent_masturbating, opponent_heavy_masturbating","alsoPlaying=monika, alsoPlayingStage=9, saidMarker=monika-start-joint-mast-1, notSaidMarker=monika-start-joint-mast-2, priority=9999",blank.png,<script>monika.startJointMasturbation();</script>,monika-start-joint-mast-2
,,,,,,8-9,"masturbating, heavy_masturbating","alsoPlaying=monika, alsoPlayingStage=9, saidMarker=monika-start-joint-mast-1, notSaidMarker=monika-start-joint-mast-2, priority=9999",blank.png,<script>monika.startJointMasturbation();</script>,monika-start-joint-mast-2
,,,,,,8-9,"masturbating, heavy_masturbating","alsoPlaying=monika, alsoPlayingStage=9, saidMarker=monika-start-joint-mast-1, notSaidMarker=monika-start-joint-mast-2, priority=9999",blank.png,<script>monika.startJointMasturbation();</script>,monika-start-joint-mast-2

,,,,,,,,Ensure that Sayori's slot remains blank during joint masturbation.

,,,,,,8,"masturbating, heavy_masturbating","saidMarker=joint-masturbation, notSaidMarker=joint-mast-end",blank.png,,,99995,True
,,,,,,8,finishing_masturbating,"saidMarker=joint-masturbation, notSaidMarker=joint-mast-end",blank.png,,,99995,True
,,,,,,8,opponent_removed_any,"saidMarker=joint-masturbation, notSaidMarker=joint-mast-end",blank.png,,,99995,True
,,,,,,8-9,opponent_removing_any,"saidMarker=joint-masturbation, notSaidMarker=joint-mast-end",blank.png,,,99995,True
,,,,,,8-9,opponent_must_strip,"saidMarker=joint-masturbation, notSaidMarker=joint-mast-end",blank.png,,,99995,True
,,,,,,8-9,opponent_masturbating,"saidMarker=joint-masturbation, notSaidMarker=joint-mast-end",blank.png,,,99995,True
,,,,,,8-9,opponent_heavy_masturbating,"saidMarker=joint-masturbation, notSaidMarker=joint-mast-end",blank.png,,,99995,True
,,,,,,8-9,opponent_finished_masturbating,"saidMarker=joint-masturbation, notSaidMarker=joint-mast-end",blank.png,,,99995,True
,,,,,,8-9,player_must_strip,"saidMarker=joint-masturbation, notSaidMarker=joint-mast-end",blank.png,,,99995,True

,,,,,,9,female_finished_masturbating,"target=monika, saidMarker=joint-masturbation, notSaidMarker=joint-masturbation-finished",blank.png,,joint-masturbation-finished,99999
,,,,,,9,global,"saidMarker=joint-masturbation-finished, notSaidMarker=joint-mast-end",shocked,W-Was I really... doing <i>that?!</i> With <i>Monika?!</i>,joint-mast-end,99999
,,,,,,9,global,saidMarker=joint-mast-end==1,embarassed,"A-And Monika, she-- I-- um... we--",+joint-mast-end,9999
,,,,,,9,global,saidMarker=joint-mast-end==2,shocked,<i>KYAAaaa!</i> C-Can we just pretend that never happened?!,+joint-mast-end,9999
,,,,,,9,global,saidMarker=joint-mast-end==3,embarassed,"<small>...but, uhm. It wasn't <i>bad</i> or anything, Monika...</small>",+joint-mast-end,9999

,,,,,,9,game_over_defeat,saidMarker=joint-mast-end>3,happy,"S-So, um. I-It might have been a bit awkward... but it was fun! Right?",,9999
,,,,,,9,game_over_defeat,saidMarker=joint-masturbation,embarassed,I-- I still can't believe that... I was... uhm... w-with <i>Monika</i>...,,9995














,,,,,,,,"NATSUKI SINGLE-TARGETED LINES, STAGES 0-3"

natsuki,0,,,prestrip,A1,0-3,opponent_must_strip,"target=natsuki, targetStage=0",thinking,Eh? ...I think Natsuki lost!,tgt-natsuki-s0-prestrip-A1
natsuki,0,,,prestrip,A2,0-3,opponent_must_strip,"target=natsuki, targetStage=0",thinking,Hmmm... eh? I think Natsuki lost this one!,tgt-natsuki-s0-prestrip-A2
natsuki,0,,,strip,A1,0-3,target_stripping,"target=natsuki, targetStage=0",excited,"Ehehe~! This is fun, isn't it?",tgt-natsuki-s0-strip-A1
natsuki,0,,,strip,A2,0-3,target_stripping,"target=natsuki, targetStage=0",excited,"Ehehe~! Isn't this fun, Natsuki?",tgt-natsuki-s0-strip-A2
natsuki,1,,,poststrip,A1,0-3,target_stripped,"target=natsuki, targetStage=1",shocked,"Ehh?! You really wouldn't leave, right Natsuki?",tgt-natsuki-s1-poststrip-A1
natsuki,1,,,poststrip,A2,0-3,target_stripped,"target=natsuki, targetStage=1",shocked,"Ehh?! You're not really going to leave, are you?",tgt-natsuki-s1-poststrip-A2

natsuki,1,,,prestrip,A1,0-3,opponent_must_strip,"target=natsuki, targetStage=1",happy,"So <i>tsun-tsun</i>, Natsuki! ...still, that's why you're cute!",tgt-natsuki-s1-prestrip-A1
natsuki,1,,,prestrip,A2,0-3,opponent_must_strip,"target=natsuki, targetStage=1",happy,"Natsuki's so <i>tsun-tsun</i>, isn't she? Still, that's why she's cute!",tgt-natsuki-s1-prestrip-A2
natsuki,1,,,strip,A1,0-3,target_stripping,"target=natsuki, targetStage=1",excited,Yay! Go Natsuki!,tgt-natsuki-s1-strip-A1
natsuki,1,,,strip,A2,0-3,target_stripping,"target=natsuki, targetStage=1",excited,"Ehehe... go, Natsuki!",tgt-natsuki-s1-strip-A2
natsuki,2,,,poststrip,A1,0-3,target_stripped,"target=natsuki, targetStage=2",happy,"She's cute when she gets fussy like this, right ~player~?",tgt-natsuki-s2-poststrip-A1
natsuki,2,,,poststrip,A2,0-3,target_stripped,"target=natsuki, targetStage=2",happy,"Ehehe... isn't she cute like this, ~player~? All tiny and fussy...",tgt-natsuki-s2-poststrip-A2

natsuki,2,,,prestrip,A1,0-3,opponent_must_strip,"target=natsuki, targetStage=2",thinking,"Ehhh.... you know, I was wondering what that was called...",tgt-natsuki-s2-prestrip-A1
natsuki,2,,,prestrip,A2,0-3,opponent_must_strip,"target=natsuki, targetStage=2",thinking,Eh? It's not just a sweater?,tgt-natsuki-s2-prestrip-A2
natsuki,2,,,strip,A1,0-3,target_stripping,"target=natsuki, targetStage=2",shocked,I've been calling it a sweater this whole time! Is it not a sweater?!,tgt-natsuki-s2-strip-A1
natsuki,2,,,strip,A2,0-3,target_stripping,"target=natsuki, targetStage=2",nervous,I-- I guess you're right...,tgt-natsuki-s2-strip-A2
natsuki,3,,,poststrip,A1,0-3,target_stripped,"target=natsuki, targetStage=3",happy,Well... I guess what matters is that you took it off!,tgt-natsuki-s3-poststrip-A1
natsuki,3,,,poststrip,A2,0-3,target_stripped,"target=natsuki, targetStage=3",happy,"Well... what really matters, I guess, is that you took it off, Natsuki!",tgt-natsuki-s3-poststrip-A2

natsuki,3,,,prestrip,A1,0-3,opponent_must_strip,"target=natsuki, targetStage=3",nervous,"Eh? You really don't have anything else to take off, Natsuki?",tgt-natsuki-s3-prestrip-A1
natsuki,3,,,prestrip,A2,0-3,opponent_must_strip,"target=natsuki, targetStage=3",nervous,"Eh? Is this really your last small thing, Natsuki?",tgt-natsuki-s3-prestrip-A2
natsuki,3,,,strip,A1,0-3,target_stripping,"target=natsuki, targetStage=3",happy,"Aww... but that ribbon made you look cute, though!",tgt-natsuki-s3-strip-A1
natsuki,3,,,strip,A2,0-3,target_stripping,"target=natsuki, targetStage=3",happy,"...oh well! You're still cute without the ribbon, Natsuki! Right, ~player~?",tgt-natsuki-s3-strip-A2
natsuki,4,,,poststrip,A1,0-3,target_stripped,"target=natsuki, targetStage=4",excited,Ehehe... and you're still as fussy as ever!,tgt-natsuki-s4-poststrip-A1
natsuki,4,,,poststrip,A2,0-3,target_stripped,"target=natsuki, targetStage=4",excited,"Ehehe... and Natsuki's still as fussy as ever, no matter what she' taken off!",tgt-natsuki-s4-poststrip-A2

natsuki,4,,,prestrip,A1,0-3,opponent_must_strip,"target=natsuki, targetStage=4",thinking,"Oh... Natsuki has to take off something pretty big now, right?",tgt-natsuki-s4-prestrip-A1
natsuki,4,,,prestrip,A2,0-3,opponent_must_strip,"target=natsuki, targetStage=4",thinking,"Oh... Natsuki doesn't really have a choice but to take off something big, right?",tgt-natsuki-s4-prestrip-A2
natsuki,4,,,strip,A1,0-3,target_stripping,"target=natsuki, targetStage=4",excited,"Oooh! That's really smart, Natsuki~!",tgt-natsuki-s4-strip-A1
natsuki,4,,,strip,A2,0-3,target_stripping,"target=natsuki, targetStage=4",excited,"Ehehe... that's clever, Natsuki~!",tgt-natsuki-s4-strip-A2
natsuki,5,,,poststrip,A1,0-3,target_stripped,"target=natsuki, targetStage=5",embarassed,Uhh... Natsuki...? (<i>...should I tell her?</i>),tgt-natsuki-s5-poststrip-A1
natsuki,5,,,poststrip,A2,0-3,target_stripped,"target=natsuki, targetStage=5",embarassed,(<i>...Natsuki's shirt isn't really hiding anything... should I tell her?</i>),tgt-natsuki-s5-poststrip-A2

natsuki,5,,,prestrip,A1,0-3,opponent_must_strip,"target=natsuki, targetStage=5",happy,"Ehehe~! I guess we'll see things properly, this time!",tgt-natsuki-s5-prestrip-A1
natsuki,5,,,prestrip,A2,0-3,opponent_must_strip,"target=natsuki, targetStage=5",happy,"Ehehe~! I guess we're going to see Natsuki's underwear <i>properly</i>, this time!",tgt-natsuki-s5-prestrip-A2
natsuki,5,,,strip,A1,0-3,target_stripping,"target=natsuki, targetStage=5",thinking,"...wait! How did this even happen? How is Natsuki taking her shirt off already? I haven't even lost any of my big things, yet...",tgt-natsuki-s5-strip-A1
natsuki,5,,,strip,A2,0-3,target_stripping,"target=natsuki, targetStage=5",thinking,"...eh? Wait! How is Natsuki taking her shirt off, already? I haven't even lost any of my big pieces of clothing, yet!",tgt-natsuki-s5-strip-A2
natsuki,6,,,poststrip,A1,0-3,target_stripped,"target=natsuki, targetStage=6",excited,"Oh, wow! Natsuki's underwear really is as cute as I thought it would be!",tgt-natsuki-s6-poststrip-A1
natsuki,6,,,poststrip,A2,0-3,target_stripped,"target=natsuki, targetStage=6",excited,Aha! I was right! Natsuki's underwear really is as cute as I predicted~!,tgt-natsuki-s6-poststrip-A2

natsuki,6,,,prestrip,A1,0-3,opponent_must_strip,"target=natsuki, targetStage=6",calm,"...Eh? Why are you so nervous, Natsuki?",tgt-natsuki-s6-prestrip-A1
natsuki,6,,,prestrip,A2,0-3,opponent_must_strip,"target=natsuki, targetStage=6",calm,Hm? You're not being fussy this time... you just seem nervous.,tgt-natsuki-s6-prestrip-A2
natsuki,6,,,strip,A1,0-3,target_stripping,"target=natsuki, targetStage=6",angry,"...did you get into a fight with Yuri again, Natsuki?",tgt-natsuki-s6-strip-A1
natsuki,6,,,strip,A2,0-3,target_stripping,"target=natsuki, targetStage=6",angry,"...you didn't get into another argument with Yuri, did you Natsuki?",tgt-natsuki-s6-strip-A2
natsuki,7,,,poststrip,A1,0-3,target_stripped,"target=natsuki, targetStage=7",angry,"...So you <i>did</i> get into another fight with Yuri! Really, Natsuki, how many times do I have to tell you...!",tgt-natsuki-s7-poststrip-A1
natsuki,7,,,poststrip,A2,0-3,target_stripped,"target=natsuki, targetStage=7",angry,"...You <i>did</i> get into another fight with Yuri, didn't you? Honestly, Natsuki, how many times do I have to tell the both of you...!",tgt-natsuki-s7-poststrip-A2

natsuki,7,,,prestrip,A1,0-3,opponent_must_strip,"target=natsuki, targetStage=7",shocked,"Eh? Wait! If Natsuki strips again, she's going to be...!",tgt-natsuki-s7-prestrip-A1
natsuki,7,,,prestrip,A2,0-3,opponent_must_strip,"target=natsuki, targetStage=7",shocked,"W-Wait! Natsuki, you're on your last piece! A-Are you really going to...!",tgt-natsuki-s7-prestrip-A2
natsuki,7,,,strip,A1,0-3,target_stripping,"target=natsuki, targetStage=7",excited,Wow... she really is doing it!,tgt-natsuki-s7-strip-A1
natsuki,7,,,strip,A2,0-3,target_stripping,"target=natsuki, targetStage=7",excited,"Ehehe... don't worry, Natsuki! You can do it!",tgt-natsuki-s7-strip-A2
natsuki,8,,,poststrip,A1,0-3,target_stripped,"target=natsuki, targetStage=8",calm,"Eh? You shave, Natsuki?",tgt-natsuki-s8-poststrip-A1
natsuki,8,,,poststrip,A2,0-3,target_stripped,"target=natsuki, targetStage=8",nervous,"Ehehe... it's not weird, Natsuki! I... uh, kinda tend to forget to shave, though...",tgt-natsuki-s8-poststrip-A2

natsuki,8,,,premast,A1,0-3,opponent_must_masturbate,"target=natsuki, targetStage=8",shocked,<i>Ehhh?!</i> Natsuki has to...!,tgt-natsuki-s8-premast-A1
natsuki,8,,,premast,A2,0-3,opponent_must_masturbate,"target=natsuki, targetStage=8",shocked,"<i>Waitwaitwait</i>, N-Natsuki's going to have to..",tgt-natsuki-s8-premast-A2
natsuki,8,,,start-mast,A1,0-3,opponent_start_masturbating,"target=natsuki, targetStage=8",shocked,A-And she's really doing it?!,tgt-natsuki-s8-start-mast-A1
natsuki,8,,,start-mast,A2,0-3,opponent_start_masturbating,"target=natsuki, targetStage=8",nervous,T-This feels so weird... I'm watch Natsuki <i>schlick</i> right in front of me...,tgt-natsuki-s8-start-mast-A2
natsuki,9,,,mast,A1,0-3,opponent_masturbating,"target=natsuki, targetStage=9",nervous,"(<i>T-This feels so wrong! I-It's like I'm going to be arrested for watching this, or something...</i>)",tgt-natsuki-s9-mast-A1,0
natsuki,9,,,mast,A2,0-3,opponent_masturbating,"target=natsuki, targetStage=9",nervous,(<i>T-This is so weird... I-- I didn't realize Natsuki could be like this...!</i>),tgt-natsuki-s9-mast-A2,0
natsuki,9,,,heavy-mast,A1,0-3,opponent_heavy_masturbating,"target=natsuki, targetStage=9",sad,Hearing Natsuki is making me feel all weird inside... and not in a good way...!,tgt-natsuki-s9-heavy-mast-A1,0
natsuki,9,,,heavy-mast,A2,0-3,opponent_heavy_masturbating,"target=natsuki, targetStage=9",embarassed,(<i>W-Was Natsuki always like this...?</i>),tgt-natsuki-s9-heavy-mast-A2,0
natsuki,10,,,finished,A1,0-3,opponent_finished_masturbating,"target=natsuki, targetStage=10",shocked,(<i>I-- I can't look her in the eyes...!</i>),tgt-natsuki-s10-finished-A1
natsuki,10,,,finished,A2,0-3,opponent_finished_masturbating,"target=natsuki, targetStage=10",shocked,(<i>I-- I'll never be able to see her the same way again...!</i>),tgt-natsuki-s10-finished-A2

,,,,,,,,"NATSUKI SINGLE-TARGETED LINES, STAGES 4-7"

natsuki,0,,,prestrip,B1,4-7,opponent_must_strip,"target=natsuki, targetStage=0",excited,"(<i>I-- I mean, I don't really want to force Natsuki into anything, but...</i>) Ehehe~! Natsuki's finally taking something off!",tgt-natsuki-s0-prestrip-B1
natsuki,0,,,prestrip,B2,4-7,opponent_must_strip,"target=natsuki, targetStage=0",excited,"(<i>I-- I mean, I don't really want to force Natsuki into anything, but...</i>) Ehehe... it's not really so bad, Natsuki!",tgt-natsuki-s0-prestrip-B2
natsuki,0,,,strip,B1,4-7,target_stripping,"target=natsuki, targetStage=0",happy,"(<i>Really? You're getting mad over just your shoes and socks?</i>) Ehehe... don't get so fussy, Natsuki! It's really not that bad!",tgt-natsuki-s0-strip-B1
natsuki,0,,,strip,B2,4-7,target_stripping,"target=natsuki, targetStage=0",happy,(<i>Really? You're getting mad over just that?</i>) Ehehe... you don't need to get that stubborn! It's just your shoes! ...and your socks!,tgt-natsuki-s0-strip-B2
natsuki,1,,,poststrip,B1,4-7,target_stripped,"target=natsuki, targetStage=1",calm,"(<i>I shouldn't be upset with Natsuki... she's just embarassed...</i>) Eh? You wouldn't really leave, would you?",tgt-natsuki-s1-poststrip-B1
natsuki,1,,,poststrip,B2,4-7,target_stripped,"target=natsuki, targetStage=1",calm,"(<i>I shouldn't be upset with Natsuki... she's just embarassed...</i>) Eh? Y-You're not really going to leave, are you?",tgt-natsuki-s1-poststrip-B2

natsuki,1,,,prestrip,B1,4-7,opponent_must_strip,"target=natsuki, targetStage=1",nervous,"(<i>Just the small stuff, huh...?</i>) Ehehe... well, I guess it's good that you have small stuff, right?",tgt-natsuki-s1-prestrip-B1
natsuki,1,,,prestrip,B2,4-7,opponent_must_strip,"target=natsuki, targetStage=1",nervous,"(<i>Jeez, I wish I had small stuff...</i>) Ehehe... c'mon, Natsuki! It's, um, not as embarassing as you think...?",tgt-natsuki-s1-prestrip-B2
natsuki,1,,,strip,B1,4-7,target_stripping,"target=natsuki, targetStage=1",determined,"(<i>Well, she did say she had lots of small stuff...</i>) Welll~ll... even if it is just her blazer, it's still something!",tgt-natsuki-s1-strip-B1
natsuki,1,,,strip,B2,4-7,target_stripping,"target=natsuki, targetStage=1",determined,"(<i>Small stuff, huh?</i>) Ehehe~! It's still something, even if it is just her blazer!",tgt-natsuki-s1-strip-B2
natsuki,2,,,poststrip,B1,4-7,target_stripped,"target=natsuki, targetStage=2",happy,"(<i>Why is she getting so mad with ~player~?</i>) Ehehe... you don't need to get so fussy with ~player~, Natsuki...",tgt-natsuki-s2-poststrip-B1
natsuki,2,,,poststrip,B2,4-7,target_stripped,"target=natsuki, targetStage=2",happy,"(<i>Honestly, why is she so mad with ~player~?</i>) Ehehe... you don't need to be that fussy with ~player~, Natsuki!",tgt-natsuki-s2-poststrip-B2

natsuki,2,,,prestrip,B1,4-7,opponent_must_strip,"target=natsuki, targetStage=2",excited,"(<i>Please, just get it over with, Natsuki...</i>) Ehehe... I guess you're right, Natsuki!",tgt-natsuki-s2-prestrip-B1
natsuki,2,,,prestrip,B2,4-7,opponent_must_strip,"target=natsuki, targetStage=2",excited,"(<i>Please, just get it over with, Natsuki...</i>) Ehehe... you're right, Natsuki!",tgt-natsuki-s2-prestrip-B2
natsuki,2,,,strip,B1,4-7,target_stripping,"target=natsuki, targetStage=2",happy,"(<i>Honestly, where is she going with this...?</i>) Ehehe... they really are just big shirts, aren't they?",tgt-natsuki-s2-strip-B1
natsuki,2,,,strip,B2,4-7,target_stripping,"target=natsuki, targetStage=2",happy,"(<i>Honestly, where is she going with this...?</i>) Yeah~! You've got a point, Natsuki...!",tgt-natsuki-s2-strip-B2
natsuki,3,,,poststrip,B1,4-7,target_stripped,"target=natsuki, targetStage=3",determined,"(<i>At least she took it off...</i>) Well~ll... you took it off, and in the end, that's the fun part, right~?",tgt-natsuki-s3-poststrip-B1
natsuki,3,,,poststrip,B2,4-7,target_stripped,"target=natsuki, targetStage=3",determined,"(<i>At least she took it off...</i>) Well~ll... in the end, the fun and important part is that you took it off, right?",tgt-natsuki-s3-poststrip-B2

natsuki,3,,,prestrip,B1,4-7,opponent_must_strip,"target=natsuki, targetStage=3",nervous,"(<i>At least it's her last small thing...</i>) Ehehe.... sorry, Natsuki~!",tgt-natsuki-s3-prestrip-B1
natsuki,3,,,prestrip,B2,4-7,opponent_must_strip,"target=natsuki, targetStage=3",nervous,"(<i>I don't think she really has room to complain about losing small things...!</i>) Ehehe... sorry, Natsuki~!",tgt-natsuki-s3-prestrip-B2
natsuki,3,,,strip,B1,4-7,target_stripping,"target=natsuki, targetStage=3",happy,"(<i>...you mean I could've done that?!</i>) Ehehe... smart move, Natsuki!",tgt-natsuki-s3-strip-B1
natsuki,3,,,strip,B2,4-7,target_stripping,"target=natsuki, targetStage=3",happy,"(<i>Why didn't I think of that?!</i>) Ehehe... smart move, Natsuki!",tgt-natsuki-s3-strip-B2
natsuki,4,,,poststrip,B1,4-7,target_stripped,"target=natsuki, targetStage=4",determined,"(<i>Oh well...</i>) Well... you still have your shirt and skirt, right?",tgt-natsuki-s4-poststrip-B1
natsuki,4,,,poststrip,B2,4-7,target_stripped,"target=natsuki, targetStage=4",determined,"(<i>I'll have to remember that for next time... if there is a next time.</i>) Well... at least you still have your shirt and skirt, right?",tgt-natsuki-s4-poststrip-B2

natsuki,4,,,prestrip,B1,4-7,opponent_must_strip,"target=natsuki, targetStage=4",determined,"(<i>How does it feel, Natsuki?</i>) Ehehe... we're going to match, Natsuki!",tgt-natsuki-s4-prestrip-B1
natsuki,4,,,prestrip,B2,4-7,opponent_must_strip,"target=natsuki, targetStage=4",determined,"(<i>How does it feel, Natsuki?</i>) Ehehe... don't worry, Natsuki! It's... um, not as embarassing as it seems! I think...",tgt-natsuki-s4-prestrip-B2
natsuki,4,,,strip,B1,4-7,target_stripping,"target=natsuki, targetStage=4",thinking,"(<i>...seriously? Is that even going to work?</i>) Ehehe... well, um... good move, then, I guess...?",tgt-natsuki-s4-strip-B1
natsuki,4,,,strip,B2,4-7,target_stripping,"target=natsuki, targetStage=4",thinking,"(<i>...really, Natsuki...? Will that even work?</i>) Ehehe... well, um... that's a smart move then...?",tgt-natsuki-s4-strip-B2
natsuki,5,,,poststrip,B1,4-7,target_stripped,"target=natsuki, targetStage=5",nervous,(<i>...it really isn't working. Should I tell her?</i>) W-Wow. Is your shirt really that big on you...?,tgt-natsuki-s5-poststrip-B1
natsuki,5,,,poststrip,B2,4-7,target_stripped,"target=natsuki, targetStage=5",nervous,"(<i>...it really isn't working. Should I tell her?</i>) I-I guess your shirt really is kinda big! F-For you, ehehe...!",tgt-natsuki-s5-poststrip-B2

natsuki,5,,,prestrip,B1,4-7,opponent_must_strip,"target=natsuki, targetStage=5",nervous,"(<i>Honestly, Natsuki, they've seen my underwear, too. I'm just as embarassed as you are!</i>) Ehehe... I guess we're both stuck in this situation, huh?",tgt-natsuki-s5-prestrip-B1
natsuki,5,,,prestrip,B2,4-7,opponent_must_strip,"target=natsuki, targetStage=5",nervous,"(<i>Honestly, Natsuki, they've seen my underwear, too. I'm just as embarassed as you are!</i>) Ehehe... well, we're both going to be stuck in our underwear, I guess...!",tgt-natsuki-s5-prestrip-B2
natsuki,5,,,strip,B1,4-7,target_stripping,"target=natsuki, targetStage=5",happy,"(<i>So defensive...!</i>) Ehehe... you don't need to be self-conscious about your underwear, Natsuki!",tgt-natsuki-s5-strip-B1
natsuki,5,,,strip,B2,4-7,target_stripping,"target=natsuki, targetStage=5",happy,"(<i>So defensive...!</i>) Ehehe... I'm sure you have more adult stuff at home, Natsuki~!",tgt-natsuki-s5-strip-B2
natsuki,6,,,poststrip,B1,4-7,target_stripped,"target=natsuki, targetStage=6",nervous,"(<i>Is she really turned on by this...?</i>) U-Uh... so, um... I'm seeing Natsuki in her undies, then...",tgt-natsuki-s6-poststrip-B1
natsuki,6,,,poststrip,B2,4-7,target_stripped,"target=natsuki, targetStage=6",nervous,"(<i>T-This kinda feels weird to see...</i>) Um... so, ehehe... Natsuki's in her undies, then...?",tgt-natsuki-s6-poststrip-B2

natsuki,6,,,prestrip,B1,4-7,opponent_must_strip,"target=natsuki, targetStage=6",nervous,"(<i>O-Oh, she has to take off the bra now, right?</i>) Ehehe... I-- I guess you're going to have to take off the bra, then, Natsuki?",tgt-natsuki-s6-prestrip-B1
natsuki,6,,,prestrip,B2,4-7,opponent_must_strip,"target=natsuki, targetStage=6",nervous,"(<i>O-Oh, she has to lose her bra this time... right?</i>) Ehehe... I-- I guess you're going to have to ditch the bra this time, Natsuki?",tgt-natsuki-s6-prestrip-B2
natsuki,6,,,strip,B1,4-7,target_stripping,"target=natsuki, targetStage=6",angry,"(<i>She's talking about her breasts, right?</i>) Hmm... you didn't get into another argument with Yuri, right, Natsuki?",tgt-natsuki-s6-strip-B1
natsuki,6,,,strip,B2,4-7,target_stripping,"target=natsuki, targetStage=6",angry,"(<i>She's talking about her breasts, isn't she?</i>) ...Natsuki? You didn't get into another argument with Yuri, right?",tgt-natsuki-s6-strip-B2
natsuki,7,,,poststrip,B1,4-7,target_stripped,"target=natsuki, targetStage=7",happy,"(<i>Yep, I knew it!</i>) Ehehe... you're not the only one here with small boobs, Natsuki...!",tgt-natsuki-s7-poststrip-B1
natsuki,7,,,poststrip,B2,4-7,target_stripped,"target=natsuki, targetStage=7",happy,"(<i>Aha, I knew it...</i>) Don't worry, Natsuki! You're not the only flat-chested person here!",tgt-natsuki-s7-poststrip-B2

natsuki,7,,,prestrip,B1,4-7,opponent_must_strip,"target=natsuki, targetStage=7",determined,"(<i>Jeez, she's doing far worse than I am...!</i>) Don't worry, Natsuki! I'm sure you'll find a way to win!",tgt-natsuki-s7-prestrip-B1
natsuki,7,,,prestrip,B2,4-7,opponent_must_strip,"target=natsuki, targetStage=7",determined,"(<i>Jeez, she's doing far worse than I am...!</i>) Don't worry, Natsuki! I'm sure you'll find a way out of this predicament!",tgt-natsuki-s7-prestrip-B2
natsuki,7,,,strip,B1,4-7,target_stripping,"target=natsuki, targetStage=7",nervous,"(<i>A-Am I going to have to go through this too?</i>) I-- I'll try to look away, if that helps?",tgt-natsuki-s7-strip-B1
natsuki,7,,,strip,B2,4-7,target_stripping,"target=natsuki, targetStage=7",nervous,(<i>A-Am I going to have to go through this too?</i>) Ummm... I can try and not look? Would that help?,tgt-natsuki-s7-strip-B2
natsuki,8,,,poststrip,B1,4-7,target_stripped,"target=natsuki, targetStage=8",happy,"(<i>...huh. I wonder if she's shaving for anyone... ~player~, maybe?</i>) Oh! You shave, Natsuki?",tgt-natsuki-s8-poststrip-B1
natsuki,8,,,poststrip,B2,4-7,target_stripped,"target=natsuki, targetStage=8",happy,"(<i>...huh. I wonder if she's shaving for anyone... ~player~, maybe?</i>) Ehehe... I didn't know you shaved, Natsuki! I keep forgetting to...",tgt-natsuki-s8-poststrip-B2

natsuki,8,,,premast,B1,4-7,opponent_must_masturbate,"target=natsuki, targetStage=8",shocked,"(<i>I-- I'm going to have to--!</i>) W-Wait! N-Natsuki's going to have to <i>masturbate</i> now, right?!",tgt-natsuki-s8-premast-B1
natsuki,8,,,premast,B2,4-7,opponent_must_masturbate,"target=natsuki, targetStage=8",shocked,"(<i>I-- I'm going to have to--!</i>) N-Natsuki's lost, right? S-So she's going to have to...!",tgt-natsuki-s8-premast-B2
natsuki,8,,,start-mast,B1,4-7,opponent_start_masturbating,"target=natsuki, targetStage=8",nervous,"(<i>This feels so wrong to watch!</i>) W-Wow, she's... actually doing it...!",tgt-natsuki-s8-start-mast-B1
natsuki,8,,,start-mast,B2,4-7,opponent_start_masturbating,"target=natsuki, targetStage=8",nervous,"(<i>I-- I feel dirty, watching this...</i>) W-Wow, Natsuki's... really going to do it, huh...?",tgt-natsuki-s8-start-mast-B2
natsuki,9,,,mast,B1,4-7,opponent_masturbating,"target=natsuki, targetStage=9",sad,"(<i>I-It feels like I'm watching a sister masturbate, or something...!</i>) U-Um... so... h-how are things going for you, ~player~?",tgt-natsuki-s9-mast-B1
natsuki,9,,,mast,B2,4-7,opponent_masturbating,"target=natsuki, targetStage=9",sad,"(<i>I-It feels like I'm going to be arrested for watching this...!</i>) U-Uh... so... h-how's life, ~player~?",tgt-natsuki-s9-mast-B2,0
natsuki,9,,,heavy-mast,B1,4-7,opponent_heavy_masturbating,"target=natsuki, targetStage=9",nervous,"(<i>W-Was Natsuki always this way?!</i>) Ehehe... A-Are you okay, there, Natsuki...?",tgt-natsuki-s9-heavy-mast-B1,0
natsuki,9,,,heavy-mast,B2,4-7,opponent_heavy_masturbating,"target=natsuki, targetStage=9",nervous,"(<i>I-- I didn't know Natsuki could be like this...!</i>) U-Um... are you sure you're feeling alright, Natsuki...?",tgt-natsuki-s9-heavy-mast-B2,0
natsuki,10,,,finished,B1,4-7,opponent_finished_masturbating,"target=natsuki, targetStage=10",embarassed,(<i>Will I ever be able to look Natsuki in the eyes again...?</i>),tgt-natsuki-s10-finished-B1,0
natsuki,10,,,finished,B2,4-7,opponent_finished_masturbating,"target=natsuki, targetStage=10",embarassed,(<i>I-- I don't want to think about that ever again!</i>),tgt-natsuki-s10-finished-B2

,,,,,,,,"NATSUKI SINGLE-TARGETED LINES, STAGES 8-9"

natsuki,0,,,prestrip,E1,8-9,opponent_must_strip,"target=natsuki, targetStage=0",nervous,Eh? How did it take this long for Natsuki to lose?,tgt-natsuki-s0-prestrip-E1
natsuki,0,,,prestrip,E2,8-9,opponent_must_strip,"target=natsuki, targetStage=0",nervous,Did it really take this long for Natsuki to lose...?,tgt-natsuki-s0-prestrip-E2
natsuki,0,,,strip,E1,8-9,target_stripping,"target=natsuki, targetStage=0",happy,"Y-Yeah, I guess I've already gone far ahead, huh...?",tgt-natsuki-s0-strip-E1
natsuki,0,,,strip,E2,8-9,target_stripping,"target=natsuki, targetStage=0",happy,"Ehehe... I guess I've already kinda cleared the path, right...?",tgt-natsuki-s0-strip-E2
natsuki,1,,,poststrip,E1,8-9,target_stripped,"target=natsuki, targetStage=1",excited,"Well~! At least you're joining us now, right?",tgt-natsuki-s1-poststrip-E1
natsuki,1,,,poststrip,E2,8-9,target_stripped,"target=natsuki, targetStage=1",excited,"Well~! Even if it is kinda late... you're joining us now, right~?",tgt-natsuki-s1-poststrip-E2

natsuki,1,,,prestrip,E1,8-9,opponent_must_strip,"target=natsuki, targetStage=1",happy,"Ehehe... well, it's not really fun if you only take off the small stuff, right?",tgt-natsuki-s1-prestrip-E1
natsuki,1,,,prestrip,E2,8-9,opponent_must_strip,"target=natsuki, targetStage=1",happy,"Ehehe... don't worry, Natsuki! It's not <i>really</i> as embarassing as it seems...",tgt-natsuki-s1-prestrip-E2
natsuki,1,,,strip,E1,8-9,target_stripping,"target=natsuki, targetStage=1",angry,"Ehh? I'm not staring, Natsuki...?",tgt-natsuki-s1-strip-E1
natsuki,1,,,strip,E2,8-9,target_stripping,"target=natsuki, targetStage=1",angry,"Ehh... you don't need to get so fussy, Natsuki! I'm not staring, or anything...!",tgt-natsuki-s1-strip-E2
natsuki,2,,,poststrip,E1,8-9,target_stripped,"target=natsuki, targetStage=2",angry,And stop being so mean to ~player~!,tgt-natsuki-s2-poststrip-E1
natsuki,2,,,poststrip,E2,8-9,target_stripped,"target=natsuki, targetStage=2",angry,And why are you getting fussy with ~player~ in particular?,tgt-natsuki-s2-poststrip-E2

natsuki,2,,,prestrip,E1,8-9,opponent_must_strip,"target=natsuki, targetStage=2",happy,"Ehehe... there really are a lot of words for it, right?",tgt-natsuki-s2-prestrip-E1
natsuki,2,,,prestrip,E2,8-9,opponent_must_strip,"target=natsuki, targetStage=2",thinking,Eh? I always called it a sweater! I think?,tgt-natsuki-s2-prestrip-E2
natsuki,2,,,strip,E1,8-9,target_stripping,"target=natsuki, targetStage=2",excited,Well... I guess they really are all just big shirts!,tgt-natsuki-s2-strip-E1
natsuki,2,,,strip,E2,8-9,target_stripping,"target=natsuki, targetStage=2",thinking,I mean... why not just call it a sweater?,tgt-natsuki-s2-strip-E2
natsuki,3,,,poststrip,E1,8-9,target_stripped,"target=natsuki, targetStage=3",happy,"Well... you lost it! And that's what counts, Natsuki~!",tgt-natsuki-s3-poststrip-E1
natsuki,3,,,poststrip,E2,8-9,target_stripped,"target=natsuki, targetStage=3",happy,"Well... you took it off, and that's what counts, Natsuki~!",tgt-natsuki-s3-poststrip-E2

natsuki,3,,,prestrip,E1,8-9,opponent_must_strip,"target=natsuki, targetStage=3",shocked,Eh? You still have <i>more</i> small stuff?,tgt-natsuki-s3-prestrip-E1
natsuki,3,,,prestrip,E2,8-9,opponent_must_strip,"target=natsuki, targetStage=3",shocked,I'm surprised you still have small stuff to take off!,tgt-natsuki-s3-prestrip-E2
natsuki,3,,,strip,E1,8-9,target_stripping,"target=natsuki, targetStage=3",excited,"Ehehe... it's cute, Natsuki!",tgt-natsuki-s3-strip-E1
natsuki,3,,,strip,E2,8-9,target_stripping,"target=natsuki, targetStage=3",excited,"Ehehe... the ribbon makes you look cute, Natsuki! Or, uh... cute<i>er</i>!",tgt-natsuki-s3-strip-E2
natsuki,4,,,poststrip,E1,8-9,target_stripped,"target=natsuki, targetStage=4",happy,"Ehehe, so <i>tsun-tsun</i>... bu~ut it's not that important, I guess!",tgt-natsuki-s4-poststrip-E1
natsuki,4,,,poststrip,E2,8-9,target_stripped,"target=natsuki, targetStage=4",happy,"Ehehe... Natsuki's still so cute, even when she's being all stubborn and prickly like this... right?",tgt-natsuki-s4-poststrip-E2

natsuki,4,,,prestrip,E1,8-9,opponent_must_strip,"target=natsuki, targetStage=4",thinking,"Oh! Natsuki's going to have to take her shirt off, right? Or, uh...",tgt-natsuki-s4-prestrip-E1
natsuki,4,,,prestrip,E2,8-9,opponent_must_strip,"target=natsuki, targetStage=4",thinking,"Oh! Natsuki, you're going to have to take the shirt off, right?",tgt-natsuki-s4-prestrip-E2
natsuki,4,,,strip,E1,8-9,target_stripping,"target=natsuki, targetStage=4",shocked,E-Eh? You're not taking the shirt off first? B-But we're going to see...,tgt-natsuki-s4-strip-E1
natsuki,4,,,strip,E2,8-9,target_stripping,"target=natsuki, targetStage=4",shocked,"A-Are you sure you want to do that, Natsuki? W-We're going to see your...",tgt-natsuki-s4-strip-E2
natsuki,5,,,poststrip,E1,8-9,target_stripped,"target=natsuki, targetStage=5",embarassed,"(<i>No, Natsuki... it's not working!</i>) ...u-um...",tgt-natsuki-s5-poststrip-E1
natsuki,5,,,poststrip,E2,8-9,target_stripped,"target=natsuki, targetStage=5",embarassed,"(<i>I-It's not working, Natsuki...!</i>)",tgt-natsuki-s5-poststrip-E2

natsuki,5,,,prestrip,E1,8-9,opponent_must_strip,"target=natsuki, targetStage=5",nervous,"W-Well... if we've already seen your panties, then...",tgt-natsuki-s5-prestrip-E1
natsuki,5,,,prestrip,E2,8-9,opponent_must_strip,"target=natsuki, targetStage=5",nervous,"I-- I guess we've already seen the important bits, right? Or, wait...",tgt-natsuki-s5-prestrip-E2
natsuki,5,,,strip,E1,8-9,target_stripping,"target=natsuki, targetStage=5",happy,"Ehehe... I believe you, Natsuki! I'm sure you've got tons of adult stuff at home!",tgt-natsuki-s5-strip-E1
natsuki,5,,,strip,E2,8-9,target_stripping,"target=natsuki, targetStage=5",happy,"Eh? What's so bad about having fluffy, cute stuff?",tgt-natsuki-s5-strip-E2
natsuki,6,,,poststrip,E1,8-9,target_stripped,"target=natsuki, targetStage=6",embarassed,"(<i>I-Is she turned on by all of this? ...I-Is she turned on by ME?!</i>) U-Um... okay then, Natsuki!",tgt-natsuki-s6-poststrip-E1
natsuki,6,,,poststrip,E2,8-9,target_stripped,"target=natsuki, targetStage=6",embarassed,"(<i>W-Wait, are her panties damp? I-Is she turned on by this?</i>) ...U-Uh... okay then, Natsuki!",tgt-natsuki-s6-poststrip-E2

natsuki,6,,,prestrip,E1,8-9,opponent_must_strip,"target=natsuki, targetStage=6",nervous,"I-- I guess we're finally going to see your boobs, huh...?",tgt-natsuki-s6-prestrip-E1
natsuki,6,,,prestrip,E2,8-9,opponent_must_strip,"target=natsuki, targetStage=6",nervous,"S-So, uhm... we're going to see your boobs, then, I guess...?",tgt-natsuki-s6-prestrip-E2
natsuki,6,,,strip,E1,8-9,target_stripping,"target=natsuki, targetStage=6",happy,...are you thinking of Yuri? 'Cause you sound like you're thinking of Yuri.,tgt-natsuki-s6-strip-E1
natsuki,6,,,strip,E2,8-9,target_stripping,"target=natsuki, targetStage=6",happy,"...You're not thinking of Yuri, are you? I mean... big words and big boobs sounds like Yuri to me.",tgt-natsuki-s6-strip-E2
natsuki,7,,,poststrip,E1,8-9,target_stripped,"target=natsuki, targetStage=7",excited,"Ehehe... you're not the only flat-chested person here, Natsuki! Don't worry!",tgt-natsuki-s7-poststrip-E1
natsuki,7,,,poststrip,E2,8-9,target_stripped,"target=natsuki, targetStage=7",thinking,"Hmm... our chest sizes seem kinda similar, Natsuki...",tgt-natsuki-s7-poststrip-E2

natsuki,7,,,prestrip,E1,8-9,opponent_must_strip,"target=natsuki, targetStage=7",excited,"Ehehe... losing can be fun, though, Natsuki!",tgt-natsuki-s7-prestrip-E1
natsuki,7,,,prestrip,E2,8-9,opponent_must_strip,"target=natsuki, targetStage=7",excited,"Really, don't be too nervous, Natsuki! Losing can be fun!",tgt-natsuki-s7-prestrip-E2
natsuki,7,,,strip,E1,8-9,target_stripping,"target=natsuki, targetStage=7",happy,Down comes the last piece...,tgt-natsuki-s7-strip-E1
natsuki,7,,,strip,E2,8-9,target_stripping,"target=natsuki, targetStage=7",happy,There goes Natsuki's last piece of clothing...!,tgt-natsuki-s7-strip-E2
natsuki,8,,,poststrip,E1,8-9,target_stripped,"target=natsuki, targetStage=8",thinking,Hmm... you remember to shave?,tgt-natsuki-s8-poststrip-E1
natsuki,8,,,poststrip,E2,8-9,target_stripped,"target=natsuki, targetStage=8",thinking,"...are you shaving for someone? ~player~, maybe?",tgt-natsuki-s8-poststrip-E2

natsuki,8,,,premast,E1,8-9,opponent_must_masturbate,"target=natsuki, targetStage=8",happy,"Ehehe... well, at least you're not the first one to have to do this, Natsuki!",tgt-natsuki-s8-premast-E1
natsuki,8,,,premast,E2,8-9,opponent_must_masturbate,"target=natsuki, targetStage=8",happy,"It's, um... not <i>quite</i> as embarassing as it seems, I guess...? I-- I mean, it takes some getting used to, but...!",tgt-natsuki-s8-premast-E2
natsuki,8,,,start-mast,E1,8-9,opponent_start_masturbating,"target=natsuki, targetStage=8",nervous,"E-Ehehe... well, um... okay then, Natsuki...",tgt-natsuki-s8-start-mast-E1
natsuki,8,,,start-mast,E2,8-9,opponent_start_masturbating,"target=natsuki, targetStage=8",nervous,"Er... I'll try not to stare, Natsuki?",tgt-natsuki-s8-start-mast-E2
natsuki,9,,,mast,E1,8-9,opponent_masturbating,"target=natsuki, targetStage=9",embarassed,(<i>Watching and hearing Natsuki schlick feels weird...</i>),tgt-natsuki-s9-mast-E1,0
natsuki,9,,,mast,E2,8-9,opponent_masturbating,"target=natsuki, targetStage=9",embarassed,"(<i>I-- I feel so weird, watching Natsuki do this...</i>)",tgt-natsuki-s9-mast-E2,0
natsuki,9,,,heavy-mast,E1,8-9,opponent_heavy_masturbating,"target=natsuki, targetStage=9",embarassed,(<i>N-Natsuki's so lewd... was she always like this...?</i>),tgt-natsuki-s9-heavy-mast-E1,0
natsuki,9,,,heavy-mast,E2,8-9,opponent_heavy_masturbating,"target=natsuki, targetStage=9",embarassed,(<i>I-- I never knew Natsuki could be so lewd...!</i>),tgt-natsuki-s9-heavy-mast-E2,0
natsuki,10,,,finished,E1,8-9,opponent_finished_masturbating,"target=natsuki, targetStage=10",nervous,"O-Oh... you look a bit tired, Natsuki.",tgt-natsuki-s10-finished-E1
natsuki,10,,,finished,E2,8-9,opponent_finished_masturbating,"target=natsuki, targetStage=10",nervous,"U-Um... you look a bit tired, Natsuki. A-Are you okay?",tgt-natsuki-s10-finished-E2

,,,,,,,,"MONIKA SINGLE-TARGETED LINES, STAGES 0-3 (No Shipping)"

monika,0,,,prestrip,F1,0-3,opponent_must_strip,"target=monika, targetStage=0",thinking,"Wait, Monika <i>lost?</i> Really?",tgt-monika-s0-prestrip-F1
monika,0,,,prestrip,F2,0-3,opponent_must_strip,"target=monika, targetStage=0",thinking,"Wait, Monika <i>lost?!</i> That usually never happens!",tgt-monika-s0-prestrip-F2
monika,0,,,strip,F1,0-3,target_stripping,"target=monika, targetStage=0",shocked,Monika! You're not wearing the uniform shoes?,tgt-monika-s0-strip-F1
monika,0,,,strip,F2,0-3,target_stripping,"target=monika, targetStage=0",shocked,"Eh? Monika, you're not wearing the uniform shoes!",tgt-monika-s0-strip-F2
monika,1,,,poststrip,F1,0-3,target_stripped,"target=monika, targetStage=1",nervous,I-I guess that's kind of a little thing to worry about... ehehe...,tgt-monika-s1-poststrip-F1
monika,1,,,poststrip,F2,0-3,target_stripped,"target=monika, targetStage=1",nervous,"I-It's kind of a tiny thing to worry about... but still! Monika's a <i>rulebreaker</i>, I guess... ehehe~!",tgt-monika-s1-poststrip-F2

monika,1,,,prestrip,F1,0-3,opponent_must_strip,"target=monika, targetStage=1",happy,Ehehe... Monika lost again~!,tgt-monika-s1-prestrip-F1
monika,1,,,prestrip,F2,0-3,opponent_must_strip,"target=monika, targetStage=1",happy,"Ehehe... this is a fun game, isn't it, Monika~?",tgt-monika-s1-prestrip-F2
monika,1,,,strip,F1,0-3,target_stripping,"target=monika, targetStage=1",thinking,"Hmm... she isn't wearing the uniform stockings, either!",tgt-monika-s1-strip-F1
monika,1,,,strip,F2,0-3,target_stripping,"target=monika, targetStage=1",thinking,"You're not wearing the uniform stockings, either...",tgt-monika-s1-strip-F2
monika,2,,,poststrip,F1,0-3,target_stripped,"target=monika, targetStage=2",happy,"I mean, I'm not going to <i>tell</i>, but... has nobody noticed yet back at school?",tgt-monika-s2-poststrip-F1
monika,2,,,poststrip,F2,0-3,target_stripped,"target=monika, targetStage=2",happy,"Bu~ut... I guess all that means is that Monika doesn't match with the rest of us! And that's okay, I guess...",tgt-monika-s2-poststrip-F2

monika,2,,,prestrip,F1,0-3,opponent_must_strip,"target=monika, targetStage=2",happy,"So~ooo.... what's next, Monika? The blazer, right?",tgt-monika-s2-prestrip-F1
monika,2,,,prestrip,F2,0-3,opponent_must_strip,"target=monika, targetStage=2",happy,"Sooooo... Monika lost again? Ooo, what are you going to take off this time? The blazer, right?",tgt-monika-s2-prestrip-F2
monika,2,,,strip,F1,0-3,target_stripping,"target=monika, targetStage=2",excited,Aha! I knew it! She's taking off the--,tgt-monika-s2-strip-F1
monika,2,,,strip,F2,0-3,target_stripping,"target=monika, targetStage=2",excited,"Ahaha! Yep, she's taking off her--",tgt-monika-s2-strip-F2
monika,3,,,poststrip,F1,0-3,target_stripped,"target=monika, targetStage=3",thinking,--Eh? What just happened?,tgt-monika-s3-poststrip-F1
monika,3,,,poststrip,F2,0-3,target_stripped,"target=monika, targetStage=3",thinking,--she's taking off her <i>~cl0th#!nG~</i>! Eh? Did I miss something?,tgt-monika-s3-poststrip-F2

monika,3,,,prestrip,F1,0-3,opponent_must_strip,"target=monika, targetStage=3",angry,"Hmm... I think something weird happened, the last time Monika lost...",tgt-monika-s3-prestrip-F1
monika,3,,,prestrip,F2,0-3,opponent_must_strip,"target=monika, targetStage=3",angry,"H-Hey, come to think of it... does anyone remember what happened the last time Monika lost?",tgt-monika-s3-prestrip-F2
monika,3,,,strip,F1,0-3,target_stripping,"target=monika, targetStage=3",thinking,"I-- I mean, I don't really remember her doing anything, but she must have done <i>something</i>, because...",tgt-monika-s3-strip-F1
monika,3,,,strip,F2,0-3,target_stripping,"target=monika, targetStage=3",thinking,"I don't really remember what she did after she lost, but I-- I guess Monika must have done <i>something</i>, because...",tgt-monika-s3-strip-F2
monika,4,,,poststrip,F1,0-3,target_stripped,"target=monika, targetStage=4",embarassed,...b-because she's standing shirtless in front of us right now!,tgt-monika-s4-poststrip-F1
monika,4,,,poststrip,F2,0-3,target_stripped,"target=monika, targetStage=4",embarassed,...b-because she just took off her shirt in front of us and I can see her bra...!,tgt-monika-s4-poststrip-F2

monika,4,,,prestrip,F1,0-3,opponent_must_strip,"target=monika, targetStage=4",happy,"Ehehe... I guess even Monika gets embarassed, sometimes! (<i>...actually, is it because ~player~'s here?</i>)",tgt-monika-s4-prestrip-F1
monika,4,,,prestrip,F2,0-3,opponent_must_strip,"target=monika, targetStage=4",nervous,"Eh? Monika gets embarassed, too? I-- I mean, um... (<i>Actually... is it because ~player~'s here with us?</i>)",tgt-monika-s4-prestrip-F2
monika,4,,,strip,F1,0-3,target_stripping,"target=monika, targetStage=4",angry,"Eh? ~player~, are you staring at her?",tgt-monika-s4-strip-F1
monika,4,,,strip,F2,0-3,target_stripping,"target=monika, targetStage=4",angry,"Waitaminute, ~player~! Are you <i>staring</i> at Monika?",tgt-monika-s4-strip-F2
monika,5,,,poststrip,F1,0-3,target_stripped,"target=monika, targetStage=5",angry,H-Hey! Don't do that! It's impolite to stare at someone! Especially if they're undressing! (<i>Especially if it's Monika!</i>),tgt-monika-s5-poststrip-F1
monika,5,,,poststrip,F2,0-3,target_stripped,"target=monika, targetStage=5",angry,"Hey! It's impolite to stare at someone who's undressing! Actually, it's impolite to stare at people in general! ...Especially if they're undressing! (<i>And especially if it's Monika!</i>)",tgt-monika-s5-poststrip-F2

monika,5,,,prestrip,F1,0-3,opponent_must_strip,"target=monika, targetStage=5",shocked,"Eh? Oh, no! Monika doesn't have anything else to take off except her...!",tgt-monika-s5-prestrip-F1
monika,5,,,prestrip,F2,0-3,opponent_must_strip,"target=monika, targetStage=5",shocked,"Oh, no! Monika's going to have to take off her underwear!",tgt-monika-s5-prestrip-F2
monika,5,,,strip,F1,0-3,target_stripping,"target=monika, targetStage=5",happy,"...Eh? Oh, right, you wear ribbons, ehehe~!",tgt-monika-s5-strip-F1
monika,5,,,strip,F2,0-3,target_stripping,"target=monika, targetStage=5",thinking,"Waitwaitwait, ribbons count as separate pieces of clothing?",tgt-monika-s5-strip-F2
monika,6,,,poststrip,F1,0-3,target_stripped,"target=monika, targetStage=6",embarassed,"Eh? What do you mean, you're not embarassed anymore? (<i>I really hope she's not warming up to being in front of ~player~, though...</i>)",tgt-monika-s6-poststrip-F1
monika,6,,,poststrip,F2,0-3,target_stripped,"target=monika, targetStage=6",excited,"...you can warm up to being mostly naked in front of people? That's Monika for you, I guess~! (<i>...please don't warm up to being in front of ~player~, though...</i>)",tgt-monika-s6-poststrip-F2

monika,6,,,prestrip,F1,0-3,opponent_must_strip,"target=monika, targetStage=6",angry,"Wait, what? Monika, what are you--",tgt-monika-s6-prestrip-F1
monika,6,,,prestrip,F2,0-3,opponent_must_strip,"target=monika, targetStage=6",angry,"Eh? Monika, that look... what are you going to do?",tgt-monika-s6-prestrip-F2
monika,6,,,strip,F1,0-3,target_stripping,"target=monika, targetStage=6",shocked,"(<i>S-She's really gunning for ~player~, isn't she?!</i>)",tgt-monika-s6-strip-F1
monika,6,,,strip,F2,0-3,target_stripping,"target=monika, targetStage=6",shocked,<i>T-This</i> is what Monika meant?!,tgt-monika-s6-strip-F2
monika,7,,,poststrip,F1,0-3,target_stripped,"target=monika, targetStage=7",embarassed,"(<i>H-How am I supposed to compete with a display like that?! ...I can't lose, though!</i>)",tgt-monika-s7-poststrip-F1
monika,7,,,poststrip,F2,0-3,target_stripped,"target=monika, targetStage=7",embarassed,W-Wow. I-- I guess you really did warm up to being naked...,tgt-monika-s7-poststrip-F2

monika,7,,,prestrip,F1,0-3,opponent_must_strip,"target=monika, targetStage=7",shocked,"Eh?! Are you going to do it again, Monika?",tgt-monika-s7-prestrip-F1
monika,7,,,prestrip,F2,0-3,opponent_must_strip,"target=monika, targetStage=7",shocked,"E-Eh? You're doing <i>that</i> again, Monika?",tgt-monika-s7-prestrip-F2
monika,7,,,strip,F1,0-3,target_stripping,"target=monika, targetStage=7",embarassed,"T-There she goes, I guess...",tgt-monika-s7-strip-F1
monika,7,,,strip,F2,0-3,target_stripping,"target=monika, targetStage=7",embarassed,"O-Okay then, Monika...!",tgt-monika-s7-strip-F2
monika,8,,,poststrip,F1,0-3,target_stripped,"target=monika, targetStage=8",nervous,(<i>I didn't really think she'd be the type to...</i>),tgt-monika-s8-poststrip-F1
monika,8,,,poststrip,F2,0-3,target_stripped,"target=monika, targetStage=8",nervous,"...I really wasn't expecting that from you, Monika!",tgt-monika-s8-poststrip-F2

monika,8,,,premast,F1,0-3,opponent_must_masturbate,"target=monika, targetStage=8",shocked,W-We're going to--?!,tgt-monika-s8-premast-F1
monika,8,,,premast,F2,0-3,opponent_must_masturbate,"target=monika, targetStage=8",shocked,A-Are we really going to watch her--?!,tgt-monika-s8-premast-F2
monika,8,,,start-mast,F1,0-3,opponent_start_masturbating,"target=monika, targetStage=8",shocked,She's really doing it!,tgt-monika-s8-start-mast-F1
monika,8,,,start-mast,F2,0-3,opponent_start_masturbating,"target=monika, targetStage=8",shocked,S-She's really doing it?! Really?!,tgt-monika-s8-start-mast-F2
monika,9,,,mast,F1,0-3,opponent_masturbating,"target=monika, targetStage=9",sad,T-This feels so weird to watch...,tgt-monika-s9-mast-F1,0
monika,9,,,mast,F2,0-3,opponent_masturbating,"target=monika, targetStage=9",embarassed,I-It feels so <i>wrong</i> to watch this...!,tgt-monika-s9-mast-F2,0
monika,9,,,heavy_mast,F1,0-3,opponent_heavy_masturbating,"target=monika, targetStage=9",shocked,Is Monika about to--?!,tgt-monika-s9-heavy_mast-F1,0
monika,9,,,heavy_mast,F2,0-3,opponent_heavy_masturbating,"target=monika, targetStage=9",sad,"This feels wrong, this feels <i>so, so</i> wrong...!",tgt-monika-s9-heavy_mast-F2,0
monika,10,,,finished,F1,0-3,opponent_finished_masturbating,"target=monika, targetStage=10, targetTimeInStage=0",embarassed,"I-- I guess it's over, then?",tgt-monika-s10-finished-F1
monika,10,,,finished,F2,0-3,opponent_finished_masturbating,"target=monika, targetStage=10, targetTimeInStage=0",embarassed,"I-It's over for Monika, right?",tgt-monika-s10-finished-F2

,,,,,,,,"MONIKA SINGLE-TARGETED LINES, STAGES 4-7  (No Shipping)"

monika,0,,,prestrip,G1,4-7,opponent_must_strip,"target=monika, targetStage=0",thinking,"(<i>How did it take this long, anyway?</i>) ...So~ooo! I guess Monika lost!",tgt-monika-s0-prestrip-G1
monika,0,,,prestrip,G2,4-7,opponent_must_strip,"target=monika, targetStage=0",happy,"(<i>Finally!</i>) Oh, Monika lost!",tgt-monika-s0-prestrip-G2
monika,0,,,strip,G1,4-7,target_stripping,"target=monika, targetStage=0",angry,Hmmph... you couldn't take off anything more?,tgt-monika-s0-strip-G1
monika,0,,,strip,G2,4-7,target_stripping,"target=monika, targetStage=0",angry,Eh?! Just the shoes? Really?,tgt-monika-s0-strip-G2
monika,1,,,poststrip,G1,4-7,target_stripped,"target=monika, targetStage=1",angry,~player~! Monika's being a meanie!,tgt-monika-s1-poststrip-G1
monika,1,,,poststrip,G2,4-7,target_stripped,"target=monika, targetStage=1",angry,"Reaalllly, Monika?",tgt-monika-s1-poststrip-G2

monika,1,,,prestrip,G1,4-7,opponent_must_strip,"target=monika, targetStage=1",excited,"Hey! The tables are turning, ehehe...",tgt-monika-s1-prestrip-G1
monika,1,,,prestrip,G2,4-7,opponent_must_strip,"target=monika, targetStage=1",excited,"I guess the tables are turning on <i>you</i>, Monika! Ehehe...",tgt-monika-s1-prestrip-G2
monika,1,,,strip,G1,4-7,target_stripping,"target=monika, targetStage=1",thinking,"(<i>...seriously? Just the socks?</i>) ...or you could do that, I guess...",tgt-monika-s1-strip-G1
monika,1,,,strip,G2,4-7,target_stripping,"target=monika, targetStage=1",thinking,(<i>...really? Just the socks?</i>) ...or I guess you're turning the tables back on me?,tgt-monika-s1-strip-G2
monika,2,,,poststrip,G1,4-7,target_stripped,"target=monika, targetStage=2",determined,"(<i>I'm not too far behind, am I?</i>) Bleh. I'll just have to get you next time!",tgt-monika-s2-poststrip-G1
monika,2,,,poststrip,G2,4-7,target_stripped,"target=monika, targetStage=2",determined,"(<i>I guess I'm not too far behind her, am I?</i>) Hmmm... I'll just get you next time!",tgt-monika-s2-poststrip-G2

monika,2,,,prestrip,G1,4-7,opponent_must_strip,"target=monika, targetStage=2",angry,Are you going to take off something more than just shoes and socks this time?,tgt-monika-s2-prestrip-G1
monika,2,,,prestrip,G2,4-7,opponent_must_strip,"target=monika, targetStage=2",angry,I really hope you're going to take off more than just your shoes and socks!,tgt-monika-s2-prestrip-G2
monika,2,,,strip,G1,4-7,target_stripping,"target=monika, targetStage=2",angry,"I-- I guess that's more, technically, but <i>that's not what I--</i>",tgt-monika-s2-strip-G1
monika,2,,,strip,G2,4-7,target_stripping,"target=monika, targetStage=2",angry,"Okay, you technically are taking off more, but <i>that's not what I--</i>",tgt-monika-s2-strip-G2
monika,3,,,poststrip,G1,4-7,target_stripped,"target=monika, targetStage=3",thinking,"--not what I meant! Wait, wha--",tgt-monika-s3-poststrip-G1
monika,3,,,poststrip,G2,4-7,target_stripped,"target=monika, targetStage=3",thinking,"--that's not what I meant! ...Wait, what?  ~player~, what just happened?",tgt-monika-s3-poststrip-G2

monika,3,,,prestrip,G1,4-7,opponent_must_strip,"target=monika, targetStage=3",nervous,"U-Uh... ~player~, what happened last time Monika stripped?",tgt-monika-s3-prestrip-G1
monika,3,,,prestrip,G2,4-7,opponent_must_strip,"target=monika, targetStage=3",nervous,"Um, ~player~, did I miss something the last time Monika stripped?",tgt-monika-s3-prestrip-G2
monika,3,,,strip,G1,4-7,target_stripping,"target=monika, targetStage=3",thinking,(<i>I-- I've been so spaced out lately... I guess I must have...</i>),tgt-monika-s3-strip-G1
monika,3,,,strip,G2,4-7,target_stripping,"target=monika, targetStage=3",thinking,(<i>My head feels so foggy... I must've missed something...</i>),tgt-monika-s3-strip-G2
monika,4,,,poststrip,G1,4-7,target_stripped,"target=monika, targetStage=4",embarassed,O-Oh. Wait... wait a minute... <i>Monika's shirtless!</i>,tgt-monika-s4-poststrip-G1
monika,4,,,poststrip,G2,4-7,target_stripped,"target=monika, targetStage=4",embarassed,"Hm? Oh, hang on... eh... waitasecond! <i>Monika's shirtless!</i>",tgt-monika-s4-poststrip-G2

monika,4,,,prestrip,G1,4-7,opponent_must_strip,"target=monika, targetStage=4",happy,"H-Heh... you get embarassed too, Monika? (<i>...is Monika nervous because ~player~'s here?</i>)",tgt-monika-s4-prestrip-G1
monika,4,,,prestrip,G2,4-7,opponent_must_strip,"target=monika, targetStage=4",happy,"I-I guess even someone like Monika gets self-conscious, right? (<i>...or is it just because ~player~'s here?</i>)",tgt-monika-s4-prestrip-G2
monika,4,,,strip,G1,4-7,target_stripping,"target=monika, targetStage=4",embarassed,A-And I can really see why! She's... taking off her skirt...,tgt-monika-s4-strip-G1
monika,4,,,strip,G2,4-7,target_stripping,"target=monika, targetStage=4",embarassed,"I-- I can definitely see why, though! Because <i>Monika'stakingoffherskirt!</i> U-Uhm...",tgt-monika-s4-strip-G2
monika,5,,,poststrip,G1,4-7,target_stripped,"target=monika, targetStage=5",nervous,(<i>...does that mean Monika's in love with ~player~?</i>) I-- I guess we're both mostly naked now?,tgt-monika-s5-poststrip-G1
monika,5,,,poststrip,G2,4-7,target_stripped,"target=monika, targetStage=5",nervous,(<i>...does that mean Monika's in love with ~player~?</i>) A-And now we're both in our underwear!,tgt-monika-s5-poststrip-G2

monika,5,,,prestrip,G1,4-7,opponent_must_strip,"target=monika, targetStage=5",nervous,"O-Oh, no, does this mean Monika has to get <i>actually</i> naked this time?",tgt-monika-s5-prestrip-G1
monika,5,,,prestrip,G2,4-7,opponent_must_strip,"target=monika, targetStage=5",nervous,E-Eh?! I-Is Monika going to get naked <i>for real</i> this time?,tgt-monika-s5-prestrip-G2
monika,5,,,strip,G1,4-7,target_stripping,"target=monika, targetStage=5",shocked,"O-Oh! Yeah, I guess she can do that...",tgt-monika-s5-strip-G1
monika,5,,,strip,G2,4-7,target_stripping,"target=monika, targetStage=5",shocked,O-Or you could do that!,tgt-monika-s5-strip-G2
monika,6,,,poststrip,G1,4-7,target_stripped,"target=monika, targetStage=6",nervous,"(<i>...I wish she could've taken something else off, though...</i>)",tgt-monika-s6-poststrip-G1
monika,6,,,poststrip,G2,4-7,target_stripped,"target=monika, targetStage=6",nervous,T-Though I guess that means you don't have a safety net anymore!,tgt-monika-s6-poststrip-G2

monika,6,,,prestrip,G1,4-7,opponent_must_strip,"target=monika, targetStage=6",angry,"Wait, Monika! What are you doing?!",tgt-monika-s6-prestrip-G1
monika,6,,,prestrip,G2,4-7,opponent_must_strip,"target=monika, targetStage=6",angry,"Eh?! What are you doing, Monika?",tgt-monika-s6-prestrip-G2
monika,6,,,strip,G1,4-7,target_stripping,"target=monika, targetStage=6",shocked,(<i>S-She's openly flirting with ~player~...!</i>),tgt-monika-s6-strip-G1
monika,6,,,strip,G2,4-7,target_stripping,"target=monika, targetStage=6",shocked,(<i>I-Is Monika seriously doing this?!</i>),tgt-monika-s6-strip-G2
monika,7,,,poststrip,G1,4-7,target_stripped,"target=monika, targetStage=7",embarassed,"(<i>...I can't lose to Monika, but...!</i>) W-Wow, Monika... I wasn't expecting you to, uhm, do something like that...!",tgt-monika-s7-poststrip-G1
monika,7,,,poststrip,G2,4-7,target_stripped,"target=monika, targetStage=7",embarassed,(<i>H-How am I supposed to compete with that?!</i>) I... uhm... I wasn't expecting Monika to do something like that!,tgt-monika-s7-poststrip-G2

monika,7,,,prestrip,G1,4-7,opponent_must_strip,"target=monika, targetStage=7",shocked,"Waitwaitwait, you're not going to do <i>that</i> again, are you?",tgt-monika-s7-prestrip-G1
monika,7,,,prestrip,G2,4-7,opponent_must_strip,"target=monika, targetStage=7",shocked,(<i>I-Is she going to put on another show again for ~player~?</i>),tgt-monika-s7-prestrip-G2
monika,7,,,strip,G1,4-7,target_stripping,"target=monika, targetStage=7",shocked,(<i>Aaaa! What am I supposed to DO?!</i>),tgt-monika-s7-strip-G1
monika,7,,,strip,G2,4-7,target_stripping,"target=monika, targetStage=7",embarassed,(<i>H-How am I supposed to react to this? I-- I can't just... do something like that...</i>),tgt-monika-s7-strip-G2
monika,8,,,poststrip,G1,4-7,target_stripped,"target=monika, targetStage=8",nervous,(<i>D-Do I just have to be more flirty with ~player~ like Monika is...?</i>),tgt-monika-s8-poststrip-G1
monika,8,,,poststrip,G2,4-7,target_stripped,"target=monika, targetStage=8",nervous,"(<i>M-Maybe I just have to be more flirty, like Monika?</i>)",tgt-monika-s8-poststrip-G2

monika,8,,,premast,G1,4-9,opponent_must_masturbate,"target=monika, targetStage=8",embarassed,(<i>A-And now Monika's going to masturbate... in front of ~player~...</i>),tgt-monika-s8-premast-G1
monika,8,,,premast,G2,4-9,opponent_must_masturbate,"target=monika, targetStage=8",embarassed,"S-So, uhm... Monika's going to have to, um... schlick now, right? (<i>...in front of ~player~...</i>)",tgt-monika-s8-premast-G2
monika,8,,,start-mast,G1,4-9,opponent_start_masturbating,"target=monika, targetStage=8",thinking,(<i>I wonder if Monika's thinking about ~player~ while she...</i>),tgt-monika-s8-start-mast-G1
monika,8,,,start-mast,G2,4-9,opponent_start_masturbating,"target=monika, targetStage=8",thinking,(<i>Does Monika think about ~player~ while she...!</i>),tgt-monika-s8-start-mast-G2
monika,9,,,mast,G1,4-9,opponent_masturbating,"target=monika, targetStage=9",sad,Watching <i>Monika</i> finger herself in front of us feels... weird.,tgt-monika-s9-mast-G1,0
monika,9,,,mast,G2,4-9,opponent_masturbating,"target=monika, targetStage=9",sad,"...it feels <i>so</i> weird, watching Monika, uhm... pleasure herself in front of us...",tgt-monika-s9-mast-G2,0
monika,9,,,heavy-mast,G1,4-9,opponent_heavy_masturbating,"target=monika, targetStage=9",shocked,I-Is Monika about to...!,tgt-monika-s9-heavy-mast-G1,0
monika,9,,,heavy-mast,G2,4-9,opponent_heavy_masturbating,"target=monika, targetStage=9",shocked,"W-Wait, Monika? A-Are you going to...!",tgt-monika-s9-heavy-mast-G2,0
monika,10,,,finished,G1,4-9,opponent_finished_masturbating,"target=monika, targetStage=10, targetTimeInStage=0",embarassed,"T-That's all, right?",tgt-monika-s10-finished-G1
monika,10,,,finished,G2,4-9,opponent_finished_masturbating,"target=monika, targetStage=10, targetTimeInStage=0",embarassed,T-That's it for Monika... right?,tgt-monika-s10-finished-G2

,,,,,,,,"MONIKA SINGLE-TARGETED LINES, STAGES 8-9  (No Shipping)"

monika,0,,,prestrip,H1,8-9,opponent_must_strip,"target=monika, targetStage=0",thinking,Really... how did it take this long for Monika to lose even once?,tgt-monika-s0-prestrip-H1
monika,0,,,prestrip,H2,8-9,opponent_must_strip,"target=monika, targetStage=0",thinking,"Oh, Monika finally lost for once!",tgt-monika-s0-prestrip-H2
monika,0,,,strip,H1,8-9,target_stripping,"target=monika, targetStage=0",sad,Really? <i>Just</i> the shoes?,tgt-monika-s0-strip-H1
monika,0,,,strip,H2,8-9,target_stripping,"target=monika, targetStage=0",sad,Is that it?,tgt-monika-s0-strip-H2
monika,1,,,poststrip,H1,8-9,target_stripped,"target=monika, targetStage=1",angry,"Fine, I guess...",tgt-monika-s1-poststrip-H1
monika,1,,,poststrip,H2,8-9,target_stripped,"target=monika, targetStage=1",angry,...oh well...,tgt-monika-s1-poststrip-H2

monika,1,,,prestrip,H1,8-9,opponent_must_strip,"target=monika, targetStage=1",nervous,"Are you going to take off more than your shoes, this time?",tgt-monika-s1-prestrip-H1
monika,1,,,prestrip,H2,8-9,opponent_must_strip,"target=monika, targetStage=1",nervous,"So~ooo... are you going to take off more than just your shoes, this time?",tgt-monika-s1-prestrip-H2
monika,1,,,strip,H1,8-9,target_stripping,"target=monika, targetStage=1",angry,"...I guess not, then...",tgt-monika-s1-strip-H1
monika,1,,,strip,H2,8-9,target_stripping,"target=monika, targetStage=1",angry,"...soooo, that's a ""no""?",tgt-monika-s1-strip-H2
monika,2,,,poststrip,H1,8-9,target_stripped,"target=monika, targetStage=2",sad,Aww. Meanie.,tgt-monika-s2-poststrip-H1
monika,2,,,poststrip,H2,8-9,target_stripped,"target=monika, targetStage=2",sad,"You're no fun, Monika...",tgt-monika-s2-poststrip-H2

monika,2,,,prestrip,H1,8-9,opponent_must_strip,"target=monika, targetStage=2",angry,"<i>Please</i> take off something more than your shoes and socks, Monika!",tgt-monika-s2-prestrip-H1
monika,2,,,prestrip,H2,8-9,opponent_must_strip,"target=monika, targetStage=2",angry,Monika... can you strip more than just shoes and socks? Please?,tgt-monika-s2-prestrip-H2
monika,2,,,strip,H1,8-9,target_stripping,"target=monika, targetStage=2",thinking,"I guess that's more, but--",tgt-monika-s2-strip-H1
monika,2,,,strip,H2,8-9,target_stripping,"target=monika, targetStage=2",thinking,"I... I suppose that's more than before, but--",tgt-monika-s2-strip-H2
monika,3,,,poststrip,H1,8-9,target_stripped,"target=monika, targetStage=3",shocked,"--wait, what just happened? ...did I miss something?",tgt-monika-s3-poststrip-H1
monika,3,,,poststrip,H2,8-9,target_stripped,"target=monika, targetStage=3",shocked,--eh? What just happened to Monika? ...did I miss something?,tgt-monika-s3-poststrip-H2

monika,3,,,prestrip,H1,8-9,opponent_must_strip,"target=monika, targetStage=3",thinking,"Uhm... hey, ~player~? What happened while Monika was stripping, last time?",tgt-monika-s3-prestrip-H1
monika,3,,,prestrip,H2,8-9,opponent_must_strip,"target=monika, targetStage=3",thinking,Uhm... ~player~? D-Did I miss something while Monika was taking her blazer off?,tgt-monika-s3-prestrip-H2
monika,3,,,strip,H1,8-9,target_stripping,"target=monika, targetStage=3",sad,A-And where is her cardigan?,tgt-monika-s3-strip-H1
monika,3,,,strip,H2,8-9,target_stripping,"target=monika, targetStage=3",sad,Shouldn't she still have the cardigan on?,tgt-monika-s3-strip-H2
monika,4,,,poststrip,H1,8-9,target_stripped,"target=monika, targetStage=4",embarassed,"...I-- I guess it doesn't really matter, sorry...",tgt-monika-s4-poststrip-H1
monika,4,,,poststrip,H2,8-9,target_stripped,"target=monika, targetStage=4",embarassed,"...I-- I guess it's not that important, sorry...",tgt-monika-s4-poststrip-H2

monika,4,,,prestrip,H1,8-9,opponent_must_strip,"target=monika, targetStage=4",nervous,"Eh? Why are you so nervous, Monika? (<i>...is it because ~player~'s here?</i>)",tgt-monika-s4-prestrip-H1
monika,4,,,prestrip,H2,8-9,opponent_must_strip,"target=monika, targetStage=4",nervous,Hm? Monika seems a lot less composed than usual. (<i>...is it because ~player~'s watching?</i>),tgt-monika-s4-prestrip-H2
monika,4,,,strip,H1,8-9,target_stripping,"target=monika, targetStage=4",embarassed,"Well... I guess it makes sense, since Monika's taking off her skirt, ehehe...",tgt-monika-s4-strip-H1
monika,4,,,strip,H2,8-9,target_stripping,"target=monika, targetStage=4",embarassed,"I- I guess it makes sense, if Monika's taking her skirt off... uhm...",tgt-monika-s4-strip-H2
monika,5,,,poststrip,H1,8-9,target_stripped,"target=monika, targetStage=5",angry,(<i>S-Still! She must be crushing on ~player~!</i>),tgt-monika-s5-poststrip-H1
monika,5,,,poststrip,H2,8-9,target_stripped,"target=monika, targetStage=5",angry,"(<i>S-Still! She's definitely in love with ~player~, I can feel it!</i>)",tgt-monika-s5-poststrip-H2

monika,5,,,prestrip,H1,8-9,opponent_must_strip,"target=monika, targetStage=5",nervous,"Oh! Is Monika going to have to strip her underwear, now?",tgt-monika-s5-prestrip-H1
monika,5,,,prestrip,H2,8-9,opponent_must_strip,"target=monika, targetStage=5",nervous,"Oh! Does this mean Monika's going to have to expose something big, now?",tgt-monika-s5-prestrip-H2
monika,5,,,strip,H1,8-9,target_stripping,"target=monika, targetStage=5",happy,"Nevermind, then. (<i>That's good for me, right?</i>)",tgt-monika-s5-strip-H1
monika,5,,,strip,H2,8-9,target_stripping,"target=monika, targetStage=5",happy,"Oh, nevermind, then. (<i>Still, that's good for me, isn't it?</i>)",tgt-monika-s5-strip-H2
monika,6,,,poststrip,H1,8-9,target_stripped,"target=monika, targetStage=6",angry,"(<i>...wait a minute! I could have done that too, earlier!</i>)",tgt-monika-s6-poststrip-H1
monika,6,,,poststrip,H2,8-9,target_stripped,"target=monika, targetStage=6",angry,(<i>Wait a second! I could have done the same thing too! ...oh well...</i>),tgt-monika-s6-poststrip-H2

monika,6,,,prestrip,H1,8-9,opponent_must_strip,"target=monika, targetStage=6",shocked,W-Waitasecond! Monika? What's going on?!,tgt-monika-s6-prestrip-H1
monika,6,,,prestrip,H2,8-9,opponent_must_strip,"target=monika, targetStage=6",shocked,"W-Wait, what is Monika doing?",tgt-monika-s6-prestrip-H2
monika,6,,,strip,H1,8-9,target_stripping,"target=monika, targetStage=6",angry,(<i>I-Is she really...!</i>),tgt-monika-s6-strip-H1
monika,6,,,strip,H2,8-9,target_stripping,"target=monika, targetStage=6",angry,"(<i>S-She's really going for ~player~, isn't she?</i>)",tgt-monika-s6-strip-H2
monika,7,,,poststrip,H1,8-9,target_stripped,"target=monika, targetStage=7",nervous,"I-- I don't think I could ever do something like that, ehehe...",tgt-monika-s7-poststrip-H1
monika,7,,,poststrip,H2,8-9,target_stripped,"target=monika, targetStage=7",nervous,I-- I wasn't expecting Monika to do that... uhm...,tgt-monika-s7-poststrip-H2

monika,7,,,prestrip,H1,8-9,opponent_must_strip,"target=monika, targetStage=7",shocked,"W-Wait, are you going to do that <i>again?!</i>",tgt-monika-s7-prestrip-H1
monika,7,,,prestrip,H2,8-9,opponent_must_strip,"target=monika, targetStage=7",shocked,"Wait, Monika, don't--!",tgt-monika-s7-prestrip-H2
monika,7,,,strip,H1,8-9,target_stripping,"target=monika, targetStage=7",sad,(<i>I-Isn't she embarassed? At all?</i>),tgt-monika-s7-strip-H1
monika,7,,,strip,H2,8-9,target_stripping,"target=monika, targetStage=7",sad,"(<i>How can she be so composed, doing this?</i>)",tgt-monika-s7-strip-H2
monika,8,,,poststrip,H1,8-9,target_stripped,"target=monika, targetStage=8",angry,(<i>I-- I never knew she could be like this...!</i>),tgt-monika-s8-poststrip-H1
monika,8,,,poststrip,H2,8-9,target_stripped,"target=monika, targetStage=8",angry,(<i>I-- I didn't think Monika could be like that...!</i>),tgt-monika-s8-poststrip-H2

,,,,,,,,Monika Stripping Responses
monika,0-3,,,prestrip,A1,0,must_strip_self,"alsoPlaying=monika, alsoPlayingStage=0-3",excited,"Eh? I have to <i>strip?!</i> ...oh, right! I forgot, ehehe~!",resp-s0-monika-prestrip-A1
monika,4-5,,,prestrip,B1,0,must_strip_self,"alsoPlaying=monika, alsoPlayingStage=4-5",angry,"Eh? I have to <i>strip?!</i> ...oh, right! A-And, hey! W-What's that supposed to mean, Monika?",resp-s0-monika-prestrip-B1
monika,6-10,,,prestrip,C1,0,must_strip_self,"alsoPlaying=monika, alsoPlayingStage=6-10",,,resp-s0-monika-prestrip-C1
monika,0-3,,,strip,A1,0,stripping,"alsoPlaying=monika, alsoPlayingStage=0-3",stripping,"Oh, is it, Monika? Ehhh... I mean... I guess it is like me to forget, ehehe~!",resp-s0-monika-strip-A1
monika,4-5,,,strip,B1,0,stripping,"alsoPlaying=monika, alsoPlayingStage=4-5",,,resp-s0-monika-strip-B1
monika,6-10,,,strip,C1,0,stripping,"alsoPlaying=monika, alsoPlayingStage=6-10",,,resp-s0-monika-strip-C1
monika,0-3,,,poststrip,A1,1,stripped,"alsoPlaying=monika, alsoPlayingStage=0-3",excited,"At least it's not too cold in here, right, Monika?",resp-s1-monika-poststrip-A1
monika,4-5,,,poststrip,B1,1,stripped,"alsoPlaying=monika, alsoPlayingStage=4-5",,,resp-s1-monika-poststrip-B1
monika,6-10,,,poststrip,C1,1,stripped,"alsoPlaying=monika, alsoPlayingStage=6-10",,,resp-s1-monika-poststrip-C1

monika,0-3,,,prestrip,A1,1,must_strip_self,"alsoPlaying=monika, alsoPlayingStage=0-3",shocked,Ehh? Do I really have to strip again?,resp-s1-monika-prestrip-A1
monika,4-5,,,prestrip,B1,1,must_strip_self,"alsoPlaying=monika, alsoPlayingStage=4-5",,,resp-s1-monika-prestrip-B1
monika,6-10,,,prestrip,C1,1,must_strip_self,"alsoPlaying=monika, alsoPlayingStage=6-10",,,resp-s1-monika-prestrip-C1
monika,0-3,,,strip,A1,1,stripping,"alsoPlaying=monika, alsoPlayingStage=0-3",stripping,"Hmmm... this thing is a sweater, right? Or, uhm... is it something else?",resp-s1-monika-strip-A1
monika,4-5,,,strip,B1,1,stripping,"alsoPlaying=monika, alsoPlayingStage=4-5",,,resp-s1-monika-strip-B1
monika,6-10,,,strip,C1,1,stripping,"alsoPlaying=monika, alsoPlayingStage=6-10",,,resp-s1-monika-strip-C1
monika,0-3,,,poststrip,A1,2,stripped,"alsoPlaying=monika, alsoPlayingStage=0-3",happy,"Ehhh... I guess you're right, Monika!",resp-s2-monika-poststrip-A1
monika,4-5,,,poststrip,B1,2,stripped,"alsoPlaying=monika, alsoPlayingStage=4-5",,,resp-s2-monika-poststrip-B1
monika,6-10,,,poststrip,C1,2,stripped,"alsoPlaying=monika, alsoPlayingStage=6-10",,,resp-s2-monika-poststrip-C1

monika,0-3,,,prestrip,A1,2,must_strip_self,"alsoPlaying=monika, alsoPlayingStage=0-3",shocked,"O-Oh no! I'm going to have to go <i>shirtless</i> now, aren't I?",resp-s2-monika-prestrip-A1
monika,4-5,,,prestrip,B1,2,must_strip_self,"alsoPlaying=monika, alsoPlayingStage=4-5",,,resp-s2-monika-prestrip-B1
monika,6-10,,,prestrip,C1,2,must_strip_self,"alsoPlaying=monika, alsoPlayingStage=6-10",,,resp-s2-monika-prestrip-C1
monika,0-3,,,strip,A1,2,stripping,"alsoPlaying=monika, alsoPlayingStage=0-3",stripping,"O-Oh, wait! I still have my shoes, right?",resp-s2-monika-strip-A1
monika,4-5,,,strip,B1,2,stripping,"alsoPlaying=monika, alsoPlayingStage=4-5",,,resp-s2-monika-strip-B1
monika,6-10,,,strip,C1,2,stripping,"alsoPlaying=monika, alsoPlayingStage=6-10",,,resp-s2-monika-strip-C1
monika,0-3,,,poststrip,A1,3,stripped,"alsoPlaying=monika, alsoPlayingStage=0-3",excited,Ehehe~! Saved!,resp-s3-monika-poststrip-A1
monika,4-5,,,poststrip,B1,3,stripped,"alsoPlaying=monika, alsoPlayingStage=4-5",,,resp-s3-monika-poststrip-B1
monika,6-10,,,poststrip,C1,3,stripped,"alsoPlaying=monika, alsoPlayingStage=6-10",,,resp-s3-monika-poststrip-C1

monika,0-3,,,prestrip,A1,3,must_strip_self,"alsoPlaying=monika, alsoPlayingStage=0-3",embarassed,"Eh? W-Wait, really, Monika? I-- I'm going to have to... uh-oh.",resp-s3-monika-prestrip-A1
monika,4-5,,,prestrip,B1,3,must_strip_self,"alsoPlaying=monika, alsoPlayingStage=4-5",,,resp-s3-monika-prestrip-B1
monika,6-10,,,prestrip,C1,3,must_strip_self,"alsoPlaying=monika, alsoPlayingStage=6-10",,,resp-s3-monika-prestrip-C1
monika,0-3,,,strip,A1,3,stripping,"alsoPlaying=monika, alsoPlayingStage=0-3",stripping,"I-In front of Monika too, even... ",resp-s3-monika-strip-A1
monika,4-5,,,strip,B1,3,stripping,"alsoPlaying=monika, alsoPlayingStage=4-5",,,resp-s3-monika-strip-B1
monika,6-10,,,strip,C1,3,stripping,"alsoPlaying=monika, alsoPlayingStage=6-10",,,resp-s3-monika-strip-C1
monika,0-3,,,poststrip,A1,4,stripped,"alsoPlaying=monika, alsoPlayingStage=0-3",determined,O-Okay! I just have to... think positively! Yeah! T-Then I'll... get through this!,resp-s4-monika-poststrip-A1
monika,4-5,,,poststrip,B1,4,stripped,"alsoPlaying=monika, alsoPlayingStage=4-5",,,resp-s4-monika-poststrip-B1
monika,6-10,,,poststrip,C1,4,stripped,"alsoPlaying=monika, alsoPlayingStage=6-10",,,resp-s4-monika-poststrip-C1

monika,0-3,,,prestrip,A1,4,must_strip_self,"alsoPlaying=monika, alsoPlayingStage=0-3",determined,"(<i>No, no, no...!</i>) I-It's okay! I-- I just have to keep my head up and keep being positive, right?",resp-s4-monika-prestrip-A1
monika,4-5,,,prestrip,B1,4,must_strip_self,"alsoPlaying=monika, alsoPlayingStage=4-5",,,resp-s4-monika-prestrip-B1
monika,6-10,,,prestrip,C1,4,must_strip_self,"alsoPlaying=monika, alsoPlayingStage=6-10",,,resp-s4-monika-prestrip-C1
monika,0-3,,,strip,A1,4,stripping,"alsoPlaying=monika, alsoPlayingStage=0-3",stripping,"I-Is that true, Monika...? ",resp-s4-monika-strip-A1
monika,4-5,,,strip,B1,4,stripping,"alsoPlaying=monika, alsoPlayingStage=4-5",,,resp-s4-monika-strip-B1
monika,6-10,,,strip,C1,4,stripping,"alsoPlaying=monika, alsoPlayingStage=6-10",,,resp-s4-monika-strip-C1
monika,0-3,,,poststrip,A1,5,stripped,"alsoPlaying=monika, alsoPlayingStage=0-3",sad,"(<i>B-but what happens if I don't win? What happens if I keep getting bad cards? I don't really know what good cards look like, do I...?</i>) ",resp-s5-monika-poststrip-A1
monika,4-5,,,poststrip,B1,5,stripped,"alsoPlaying=monika, alsoPlayingStage=4-5",,,resp-s5-monika-poststrip-B1
monika,6-10,,,poststrip,C1,5,stripped,"alsoPlaying=monika, alsoPlayingStage=6-10",,,resp-s5-monika-poststrip-C1

monika,0-3,,,prestrip,A1,5,must_strip_self,"alsoPlaying=monika, alsoPlayingStage=0-3",sad,"I-It's okay, Monika...",resp-s5-monika-prestrip-A1
monika,4-5,,,prestrip,B1,5,must_strip_self,"alsoPlaying=monika, alsoPlayingStage=4-5",,,resp-s5-monika-prestrip-B1
monika,6-10,,,prestrip,C1,5,must_strip_self,"alsoPlaying=monika, alsoPlayingStage=6-10",,,resp-s5-monika-prestrip-C1
monika,0-3,,,strip,A1,5,stripping,"alsoPlaying=monika, alsoPlayingStage=0-3",stripping,"I-- I'm s-stripping down in front of everyone... M-Monika, ~player~...",resp-s5-monika-strip-A1
monika,4-5,,,strip,B1,5,stripping,"alsoPlaying=monika, alsoPlayingStage=4-5",,,resp-s5-monika-strip-B1
monika,6-10,,,strip,C1,5,stripping,"alsoPlaying=monika, alsoPlayingStage=6-10",,,resp-s5-monika-strip-C1
monika,0-3,,,poststrip,A1,6,stripped,"alsoPlaying=monika, alsoPlayingStage=0-3",embarassed,"S-So, uh... e-everyone can see my... uhm...",resp-s6-monika-poststrip-A1
monika,4-5,,,poststrip,B1,6,stripped,"alsoPlaying=monika, alsoPlayingStage=4-5",,,resp-s6-monika-poststrip-B1
monika,6-10,,,poststrip,C1,6,stripped,"alsoPlaying=monika, alsoPlayingStage=6-10",,,resp-s6-monika-poststrip-C1

monika,0-3,,,prestrip,A1,6,must_strip_self,"alsoPlaying=monika, alsoPlayingStage=0-3",embarassed,"W-Wait, is there anything else I can do? ~player~? Monika?",resp-s6-monika-prestrip-A1
monika,4-5,,,prestrip,B1,6,must_strip_self,"alsoPlaying=monika, alsoPlayingStage=4-5",,,resp-s6-monika-prestrip-B1
monika,6-10,,,prestrip,C1,6,must_strip_self,"alsoPlaying=monika, alsoPlayingStage=6-10",,,resp-s6-monika-prestrip-C1
monika,0-3,,,strip,A1,6,stripping,"alsoPlaying=monika, alsoPlayingStage=0-3",stripping,"F-Fine, t-then...",resp-s6-monika-strip-A1
monika,4-5,,,strip,B1,6,stripping,"alsoPlaying=monika, alsoPlayingStage=4-5",,,resp-s6-monika-strip-B1
monika,6-10,,,strip,C1,6,stripping,"alsoPlaying=monika, alsoPlayingStage=6-10",,,resp-s6-monika-strip-C1
monika,0-3,,,poststrip,A1,7,stripped,"alsoPlaying=monika, alsoPlayingStage=0-3",sad,"I-It's okay, Monika... d-don't trouble yourself on my account, ehehe...",resp-s7-monika-poststrip-A1
monika,4-5,,,poststrip,B1,7,stripped,"alsoPlaying=monika, alsoPlayingStage=4-5",,,resp-s7-monika-poststrip-B1
monika,6-10,,,poststrip,C1,7,stripped,"alsoPlaying=monika, alsoPlayingStage=6-10",,,resp-s7-monika-poststrip-C1
